site,lower,upper,range
1,0.33994,0.45067,0.11073
2,0.32277900000000004,0.38719,0.06441099999999994
3,0.34628,0.428938,0.08265800000000001
4,0.345291,0.43849350000000004,0.09320250000000002
5,0.3270925,0.43947,0.11237750000000002
6,0.323948,0.431098,0.10714999999999997
7,0.34389800000000004,0.43021400000000004,0.086316
8,0.3298175,0.4225025,0.09268500000000002
