site,lower,upper,range
1,-10.454896060879607,22.37001385416666,32.82490991504627
2,2.2856145833333334,29.572158541666667,27.286543958333333
3,4.1468359375,27.9045984375,23.7577625
4,-0.812335625,24.120970312499992,24.93330593749999
5,-8.312834166666667,22.345978333333335,30.658812500000003
6,-3.02548125,25.149590625000002,28.175071875
7,-14.422582083333333,21.6836053125,36.10618739583333
8,-6.337179999999999,26.994009999999996,33.33118999999999
