site,lower,upper,range
1,0,21.404249999999998,21.404249999999998
2,0,9.172499999999985,9.172499999999985
3,0,23.50575,23.50575
4,0,17.920500219061665,17.920500219061665
5,0,21.43815,21.43815
6,0,17.71,17.71
7,0,11.1612,11.1612
8,0,16.048499999999997,16.048499999999997
