site,lower,upper,range
1,0.340012,0.450696,0.110684
2,0.3227705,0.38719,0.06441949999999996
3,0.3462785,0.4290785,0.08279999999999998
4,0.34513800000000006,0.438708,0.09356999999999993
5,0.3270715,0.440114,0.11304249999999999
6,0.323938,0.4311705,0.10723250000000001
7,0.34389,0.430474,0.08658400000000005
8,0.329786,0.42264599999999997,0.09285999999999994
