site,lower,upper,range
1,-10.340671875,22.3912125,32.731884375
2,2.2828875,29.584219687500003,27.3013321875
3,4.137626458333333,27.909252499999994,23.77162604166666
4,-0.8411791666666667,24.147089583333333,24.98826875
5,-8.311750729166667,22.357434166666668,30.669184895833332
6,-3.033900833333333,25.174233749999996,28.20813458333333
7,-14.460987916666667,21.73798937499999,36.19897729166666
8,-6.399422916666667,27.001611875000002,33.40103479166667
