site,lower,upper,range
1,0,21.57569999999995,21.57569999999995
2,0,9.150000000000006,9.150000000000006
3,0,23.436299999999957,23.436299999999957
4,0,17.80419999999998,17.80419999999998
5,0,21.4407,21.4407
6,0,17.71,17.71
7,0,11.1609,11.1609
8,0,16.032,16.032
