site,lower,upper,range
1,0.340134,0.45062199999999997,0.11048799999999998
2,0.32278799999999996,0.38718600000000003,0.06439800000000007
3,0.346292,0.42880999999999997,0.08251799999999998
4,0.34530099999999997,0.4384285,0.09312750000000003
5,0.327136,0.43988400000000005,0.11274800000000007
6,0.32395300000000005,0.43096300000000004,0.10701
7,0.343893,0.43010499999999996,0.08621199999999996
8,0.32983250000000003,0.4222875,0.09245499999999995
