site,lower,upper,range
1,-10.445539243088568,22.353054479166666,32.798593722255234
2,2.287245416666667,29.555376249999995,27.268130833333327
3,4.186626041666667,27.898679166666668,23.712053125
4,-0.8083210416666666,24.09980885416666,24.908129895833326
5,-8.309632608629446,22.34335104166667,30.652983650296115
6,-3.0225916666666666,25.1448625,28.167454166666666
7,-14.417952916666668,21.677321875,36.09527479166667
8,-6.288321666666667,26.988459999999996,33.276781666666665
