site,lower,upper,range
1,0,21.30075,21.30075
2,0,9.35499999999999,9.35499999999999
3,0,23.38925,23.38925
4,0,18.286,18.286
5,0,21.43755,21.43755
6,0,17.70995,17.70995
7,0,11.162199999999999,11.162199999999999
8,0,16.075999999999997,16.075999999999997
