site,lower,upper,range
1,-10.44083722227361,22.376797604166665,32.817634826440276
2,2.284972916666667,29.57499645833333,27.290023541666663
3,4.144806354166667,27.905210520833332,23.760404166666667
4,-0.8139414583333333,24.129434895833327,24.94337635416666
5,-8.31427875,22.348321249999998,30.662599999999998
6,-3.026637083333333,25.151481875,28.178118958333336
7,-14.431618750000002,21.6964015625,36.1280203125
8,-6.355236458333334,26.9960990625,33.35133552083333
