site,lower,upper,range
1,0,21.436449999999972,21.436449999999972
2,0,9.070499999999996,9.070499999999996
3,0,23.38835,23.38835
4,0,17.887150000000013,17.887150000000013
5,0,21.438750000000002,21.438750000000002
6,0,17.71,17.71
7,0,11.161599999999998,11.161599999999998
8,0,15.556000000000001,15.556000000000001
