site,lower,upper,range
1,0.34003,0.45067,0.11064000000000002
2,0.32278300000000004,0.3871885,0.06440549999999995
3,0.34628,0.428898,0.08261800000000002
4,0.345295,0.4384675,0.09317249999999999
5,0.327106,0.440114,0.113008
6,0.32395050000000003,0.4310605,0.10710999999999998
7,0.3439,0.43015,0.08625
8,0.32982500000000003,0.42239499999999996,0.09256999999999993
