site,lower,upper,range
1,-10.450217651984087,22.361534166666665,32.81175181865075
2,2.286426666666667,29.56497833333333,27.27855166666666
3,4.149372916666667,27.903833333333335,23.754460416666667
4,-0.8103283333333333,24.11038958333333,24.920717916666664
5,-8.311096754216019,22.343588020833334,30.654684775049354
6,-3.0240364583333332,25.1472265625,28.171263020833333
7,-14.419269583333332,21.679035416666665,36.098304999999996
8,-6.312750833333332,26.991235,33.30398583333333
