site,lower,upper,range
1,0,21.364,21.364
2,0,9.27999999999999,9.27999999999999
3,0,23.39,23.39
4,0,18.048333479374442,18.048333479374442
5,0,21.437800000000003,21.437800000000003
6,0,17.71,17.71
7,0,11.160699999999999,11.160699999999999
8,0,16.03475,16.03475
