site,lower,upper,range
1,0.33984600000000004,0.45069449999999994,0.1108484999999999
2,0.322766,0.38721399999999995,0.06444799999999995
3,0.346277,0.429107,0.08283000000000001
4,0.3451,0.43876,0.09365999999999997
5,0.327065,0.4402665,0.11320150000000001
6,0.323932,0.431172,0.10724
7,0.34389,0.430486,0.086596
8,0.32978,0.42265499999999995,0.09287499999999993
