site,lower,upper,range
1,-10.339503333333333,22.394010624999996,32.73351395833333
2,2.2714700000000008,29.588015625,27.316545625
3,4.135228645833333,27.912790625,23.777561979166666
4,-0.8489891666666666,24.15048145833333,24.999470624999997
5,-8.312834166666667,22.36368666666667,30.676520833333335
6,-3.036270833333333,25.18276875,28.219039583333334
7,-14.47622125,21.74533333333333,36.22155458333333
8,-6.409619791666666,27.0028840625,33.412503854166665
