site,lower,upper,range
1,0,21.651749999999996,21.651749999999996
2,0,9.172499999999985,9.172499999999985
3,0,23.50575,23.50575
4,0,17.662,17.662
5,0,21.46269999999998,21.46269999999998
6,0,17.71,17.71
7,0,11.16,11.16
8,0,16.032,16.032
