site,lower,upper,range
1,0.33304999999999996,0.45653,0.12348000000000003
2,0.32168,0.39087,0.06918999999999997
3,0.34449799999999997,0.43628599999999995,0.09178799999999998
4,0.34134925,0.44616775,0.10481849999999998
5,0.3186475,0.44737,0.12872250000000002
6,0.3226915,0.436666,0.11397449999999998
7,0.343629,0.43854599999999994,0.09491699999999992
8,0.32905,0.428165,0.09911500000000001
