site,lower,upper,range
1,0.33291625,0.45673375,0.12381749999999997
2,0.3216635,0.39076,0.0690965
3,0.34444099999999994,0.43645900000000004,0.0920180000000001
4,0.34121500000000005,0.44545,0.10423499999999997
5,0.317814,0.4473889999999999,0.12957499999999994
6,0.322659,0.43505499999999997,0.112396
7,0.34361800000000003,0.43847800000000003,0.09486
8,0.32905,0.42769375,0.09864374999999997
