site,lower,upper,range
1,-10.567260416666667,27.745454166666665,38.31271458333333
5,-10.567260416666667,27.745454166666665,38.31271458333333
8,-10.567260416666667,27.745454166666665,38.31271458333333
2,-10.567260416666667,27.745454166666665,38.31271458333333
6,-10.567260416666667,27.745454166666665,38.31271458333333
3,-10.567260416666667,27.745454166666665,38.31271458333333
7,-10.567260416666667,27.745454166666665,38.31271458333333
4,-10.567260416666667,27.745454166666665,38.31271458333333
