site,lower,upper,range
1,0.3329845,0.4567195,0.12373499999999998
2,0.3216665,0.39076,0.06909349999999997
3,0.34444699999999995,0.436453,0.09200600000000003
4,0.34123600000000004,0.44536399999999987,0.10412799999999983
5,0.31786,0.44737,0.12951000000000001
6,0.32266,0.4351,0.11243999999999998
7,0.34362000000000004,0.438475,0.09485499999999997
8,0.32905,0.42768075,0.09863074999999999
