site,lower,upper,range
1,-10.558266289308596,27.747944166666656,38.306210455975254
5,-10.558266289308596,27.747944166666656,38.306210455975254
8,-10.558266289308596,27.747944166666656,38.306210455975254
2,-10.558266289308596,27.747944166666656,38.306210455975254
6,-10.558266289308596,27.747944166666656,38.306210455975254
3,-10.558266289308596,27.747944166666656,38.306210455975254
7,-10.558266289308596,27.747944166666656,38.306210455975254
4,-10.558266289308596,27.747944166666656,38.306210455975254
