site,lower,upper,range
1,0.3399715,0.45068299999999994,0.11071149999999996
2,0.322776,0.38719,0.06441399999999997
3,0.34628,0.428986,0.082706
4,0.3452425,0.43856500000000004,0.09332250000000003
5,0.327085,0.44021,0.11312499999999998
6,0.32394500000000004,0.431125,0.10717999999999994
7,0.34389499999999995,0.43030999999999997,0.08641500000000002
8,0.329808,0.42261299999999996,0.09280499999999997
