site,lower,upper,range
1,-10.442100539258709,22.380189479166667,32.82229001842538
2,2.2846520833333335,29.576415416666666,27.291763333333332
3,4.143791562500001,27.9055165625,23.761725
4,-0.814744375,24.133667187500002,24.948411562500002
5,-8.315001041666667,22.349492708333337,30.664493750000005
6,-3.027215,25.152427499999998,28.1796425
7,-14.436137083333334,21.702799687499994,36.138936770833325
8,-6.3620343749999995,26.996947187499998,33.3589815625
