site,lower,upper,range
1,0,21.45254999999999,21.45254999999999
2,0,9.081499999999984,9.081499999999984
3,0,23.388650000000002,23.388650000000002
4,0,17.91249999999999,17.91249999999999
5,0,21.43905,21.43905
6,0,17.71,17.71
7,0,11.161799999999998,11.161799999999998
8,0,15.651199999999914,15.651199999999914
