site,lower,upper,range
1,0.340123,0.450634,0.11051099999999997
2,0.322786,0.38718699999999995,0.06440099999999993
3,0.346286,0.42884999999999995,0.08256399999999997
4,0.345299,0.43844150000000004,0.09314250000000002
5,0.327124,0.4399759999999999,0.1128519999999999
6,0.323952,0.431002,0.10704999999999998
7,0.343892,0.43012,0.08622800000000003
8,0.3298295,0.42233049999999994,0.09250099999999994
