site,lower,upper,range
1,-10.447410606646777,22.356446354166668,32.80385696081345
2,2.286917916666667,29.559217083333337,27.27229916666667
3,4.1717247916666675,27.900740833333334,23.729016041666668
4,-0.8091239583333334,24.104041145833335,24.91316510416667
5,-8.310218266864075,22.343445833333334,30.65366410019741
6,-3.023169583333333,25.145808125,28.16897770833333
7,-14.418479583333333,21.678007291666667,36.096486875
8,-6.298093333333334,26.98957,33.287663333333334
