site,lower,upper,range
1,0,21.326049999999977,21.326049999999977
2,0,9.365000000000004,9.365000000000004
3,0,23.38955,23.38955
4,0,18.012133523186755,18.012133523186755
5,0,21.43765,21.43765
6,0,17.71,17.71
7,0,11.162399999999998,11.162399999999998
8,0,16.08149999999999,16.08149999999999
