site,lower,upper,range
1,0.340075,0.45058,0.11050499999999996
2,0.32279899999999995,0.3871805,0.06438150000000004
3,0.34632499999999994,0.42858999999999997,0.08226500000000003
4,0.34531,0.4383019999999999,0.09299199999999991
5,0.327202,0.4393779999999999,0.11217599999999989
6,0.3239580000000001,0.43076799999999993,0.10680999999999985
7,0.3438985,0.4300225,0.08612399999999998
8,0.32984900000000006,0.42212,0.09227099999999994
