site,lower,upper,range
1,-10.437678929810861,22.344875000000002,32.78255392981086
2,2.2890466666666667,29.534251666666666,27.245205
3,4.268582916666668,27.887340000000002,23.618757083333335
4,-0.8119341666666666,24.087400416666668,24.899334583333335
5,-8.306411488338984,22.3428296875,30.649241175838984
6,-2.917738749999999,25.132853020833334,28.050591770833332
7,-14.41505625,21.673552083333334,36.08860833333333
8,-6.248444166666666,26.975849166666666,33.224293333333335
