site,lower,upper,range
1,0,21.396199999999972,21.396199999999972
2,0,9.299999999999994,9.299999999999994
3,0,23.482599999999916,23.482599999999916
4,0,18.496600000000022,18.496600000000022
5,0,21.437,21.437
6,0,17.7094,17.7094
7,0,11.227250104083453,11.227250104083453
8,0,16.04575,16.04575
