site,lower,upper,range
1,0.33983,0.450755,0.110925
2,0.3230485,0.38743449999999996,0.06438599999999994
3,0.34628,0.4293065,0.0830265
4,0.34508,0.43895,0.09387000000000001
5,0.326966,0.44041299999999994,0.11344699999999996
6,0.3239,0.43123500000000003,0.10733500000000001
7,0.34393999999999997,0.43065749999999997,0.0867175
8,0.33010399999999995,0.42272200000000004,0.09261800000000009
