site,lower,upper,range
1,-9.637185208333333,22.425726458333337,32.06291166666667
2,2.5469290625000003,29.616494062500003,27.069565000000004
3,4.568362083333334,27.932224374999997,23.363862291666663
4,-0.8127370833333333,24.182615833333337,24.99535291666667
5,-8.109084895833334,22.41741354166667,30.526498437500003
6,-2.403095006825424,25.220459895833333,27.623554902658757
7,-13.356356458333334,21.764401875,35.120758333333335
8,-5.640729374999999,27.011590624999997,32.652319999999996
