site,lower,upper,range
1,0,22.114400132581586,22.114400132581586
2,0.00533333321800456,9.381999999999996,9.376666666781992
3,0,23.52889999999998,23.52889999999998
4,0,17.85159999999999,17.85159999999999
5,0,21.484399999999958,21.484399999999958
6,0,17.71,17.71
7,0,11.16,11.16
8,0,16.051249999999996,16.051249999999996
