site,lower,upper,range
1,0,21.412299999999995,21.412299999999995
2,0.02,9.179999999999978,9.159999999999979
3,0,23.387900000000002,23.387900000000002
4,0,17.85159999999999,17.85159999999999
5,0,21.484399999999958,21.484399999999958
6,0,17.71,17.71
7,0,11.16,11.16
8,0,16.032,16.032
