site,lower,upper,range
1,0.33988050000000003,0.45068699999999995,0.11080649999999992
2,0.32277199999999995,0.38719,0.06441800000000003
3,0.34628,0.42905,0.08277000000000001
4,0.34515700000000005,0.438682,0.09352499999999997
5,0.32707450000000005,0.440245,0.11317049999999995
6,0.3239405,0.43116550000000003,0.10722500000000001
7,0.34389099999999995,0.430438,0.08654700000000004
8,0.329792,0.422637,0.09284500000000001
