site,lower,upper,range
1,-10.345220833333332,22.388414374999996,32.733635208333325
2,2.28336875,29.58209125,27.2987225
3,4.139732395833333,27.906740729166664,23.76700833333333
4,-0.8333691666666664,24.143697708333328,24.977066874999995
5,-8.317890208333333,22.354178541666666,30.67206875
6,-3.031530833333333,25.165698750000004,28.19722958333334
7,-14.454210416666665,21.7283921875,36.18260260416666
8,-6.389226041666666,27.0003396875,33.38956572916666
