site,lower,upper,range
1,0,21.51694999999997,21.51694999999997
2,0,9.127499999999992,9.127499999999992
3,0,23.38985,23.38985
4,0,18.020500000000013,18.020500000000013
5,0,21.44025,21.44025
6,0,17.71,17.71
7,0,11.160599999999999,11.160599999999999
8,0,16.032,16.032
