site,lower,upper,range
1,0.33273425,0.45677175000000003,0.12403750000000002
2,0.3216575,0.39076,0.06910250000000001
3,0.344429,0.43557049999999997,0.09114149999999999
4,0.34117825,0.44560049999999995,0.10442224999999994
5,0.317722,0.447427,0.12970500000000001
6,0.32265699999999997,0.435065,0.11240800000000001
7,0.343614,0.438484,0.09487000000000001
8,0.329044,0.42772499999999997,0.09868099999999996
