site,lower,upper,range
1,0,27.837125,27.837125
3,0,27.837125,27.837125
6,0,27.837125,27.837125
8,0,27.837125,27.837125
5,0,27.837125,27.837125
7,0,27.837125,27.837125
2,0,27.837125,27.837125
4,0,27.837125,27.837125
