site,lower,upper,range
1,0.3328935,0.4567385,0.12384499999999998
2,0.3216635,0.39076,0.0690965
3,0.34444099999999994,0.43645900000000004,0.0920180000000001
4,0.34122025,0.44542849999999995,0.10420824999999995
5,0.317814,0.4473889999999999,0.12957499999999994
6,0.32265875,0.43505625,0.11239749999999998
7,0.34361800000000003,0.43847800000000003,0.09486
8,0.32905,0.42769375,0.09864374999999997
