site,lower,upper,range
1,0.33996250000000006,0.450685,0.11072249999999995
2,0.3227745,0.38719,0.06441549999999996
3,0.34628,0.42901,0.08273000000000003
4,0.345214,0.438604,0.09338999999999997
5,0.327079,0.43988400000000005,0.11280500000000004
6,0.32394350000000005,0.4311385,0.10719499999999993
7,0.34389349999999996,0.430358,0.08646450000000006
8,0.32980200000000004,0.42262199999999994,0.0928199999999999
