site,lower,upper,range
1,-10.444603561309465,22.38375083333333,32.828354394642794
2,2.2841708333333335,29.578543854166668,27.294373020833333
3,4.142269375,27.905975625,23.76370625
4,-0.8203524999999997,24.138044583333333,24.95839708333333
5,-8.316084479166667,22.351249895833334,30.667334375000003
6,-3.028081875,25.1538459375,28.1819278125
7,-14.442914583333334,21.712396875,36.15531145833333
8,-6.3722312500000005,26.998219374999998,33.370450625
