site,lower,upper,range
1,0,21.47669999999997,21.47669999999997
2,0,9.097999999999994,9.097999999999994
3,0,23.3891,23.3891
4,0,17.953000000000014,17.953000000000014
5,0,21.439500000000002,21.439500000000002
6,0,17.71,17.71
7,0,11.1601,11.1601
8,0,15.794,15.794
