site,lower,upper,range
1,0.339862,0.450727,0.11086499999999999
2,0.323051,0.387418,0.06436700000000001
3,0.34628,0.4292685,0.08298850000000002
4,0.345084,0.43891199999999997,0.09382799999999997
5,0.32697999999999994,0.440377,0.11339700000000008
6,0.3239,0.431191,0.10729099999999997
7,0.343948,0.43057149999999994,0.08662349999999996
8,0.33001650000000005,0.422706,0.09268949999999998
