site,lower,upper,range
1,-9.656052104597183,22.418530208333333,32.07458231293052
2,2.5610859375,29.614250520833338,27.053164583333338
3,4.579313750000001,27.931062291666667,23.351748541666666
4,-0.8411791666666667,24.175695833333336,25.016875000000002
5,-8.120088854166665,22.401109374999994,30.521198229166657
6,-2.445193559202774,25.217099479166663,27.662293038369437
7,-13.864622397562641,21.7614125,35.62603489756264
8,-5.799823958333334,27.009938541666667,32.809762500000005
