site,lower,upper,range
1,0,22.05946671086051,22.05946671086051
2,0.0033333332612528466,9.376000000000001,9.372666666738748
3,0,23.436299999999957,23.436299999999957
4,0,17.80419999999998,17.80419999999998
5,0,21.4407,21.4407
6,0,17.71,17.71
7,0,11.16,11.16
8,0,16.040249999999993,16.040249999999993
