site,lower,upper,range
1,0,21.380099999999985,21.380099999999985
2,0.02,9.150000000000006,9.130000000000006
3,0,23.387300000000003,23.387300000000003
4,0,17.80419999999998,17.80419999999998
5,0,21.4407,21.4407
6,0,17.71,17.71
7,0,11.16,11.16
8,0,16.032,16.032
