site,lower,upper,range
1,0.3399225,0.4506975,0.11077499999999996
2,0.322764,0.38722599999999996,0.06446199999999996
3,0.3462765,0.42911649999999996,0.08283999999999997
4,0.3451,0.43876,0.09365999999999997
5,0.32706,0.440273,0.11321300000000001
6,0.32393,0.43117249999999996,0.10724249999999996
7,0.34389,0.43049,0.08660000000000001
8,0.32978,0.42265499999999995,0.09287499999999993
