site,lower,upper,range
1,-10.339524583333334,22.394943333333334,32.73446791666667
2,2.265841458333334,29.589558854166665,27.32371739583333
3,4.134429375,27.91397,23.779540625
4,-0.8515924999999999,24.151612083333337,25.003204583333336
5,-8.3131953125,22.365770833333336,30.678966145833336
6,-3.0370608333333333,25.185613749999998,28.22267458333333
7,-14.48693625,21.746279166666664,36.23321541666667
8,-6.41301875,27.003308124999997,33.416326874999996
