site,lower,upper,range
1,0,21.677099999999975,21.677099999999975
2,0,9.179999999999978,9.179999999999978
3,0,23.52889999999998,23.52889999999998
4,0,17.662,17.662
5,0,21.484399999999958,21.484399999999958
6,0,17.71,17.71
7,0,11.16,11.16
8,0,16.032,16.032
