site,lower,upper,range
1,0.33284800000000003,0.456748,0.12389999999999995
2,0.321662,0.39076,0.06909799999999999
3,0.344438,0.436122,0.09168399999999999
4,0.34120975000000003,0.4454714999999999,0.10426174999999988
5,0.317791,0.4473985,0.1296075
6,0.3226585,0.4350575,0.11239899999999997
7,0.343617,0.4384795,0.09486250000000002
8,0.32905,0.42770024999999995,0.09865024999999994
