site,lower,upper,range
1,-10.57768375,27.750434166666665,38.32811791666666
5,-10.57768375,27.750434166666665,38.32811791666666
8,-10.57768375,27.750434166666665,38.32811791666666
2,-10.57768375,27.750434166666665,38.32811791666666
6,-10.57768375,27.750434166666665,38.32811791666666
3,-10.57768375,27.750434166666665,38.32811791666666
7,-10.57768375,27.750434166666665,38.32811791666666
4,-10.57768375,27.750434166666665,38.32811791666666
