site,lower,upper,range
1,0,27.826925,27.826925
3,0,27.826925,27.826925
6,0,27.826925,27.826925
8,0,27.826925,27.826925
5,0,27.826925,27.826925
7,0,27.826925,27.826925
2,0,27.826925,27.826925
4,0,27.826925,27.826925
