site,lower,upper,range
1,0.332666,0.456786,0.12412000000000001
2,0.32165525,0.39076,0.06910474999999999
3,0.3444245,0.4352725,0.09084799999999998
4,0.34116250000000004,0.445665,0.10450249999999994
5,0.3176875,0.44744125,0.12975375
6,0.32265625,0.43506875,0.11241250000000003
7,0.34361250000000004,0.43848625,0.09487374999999998
8,0.329038,0.42773999999999995,0.09870199999999996
