site,lower,upper,range
1,0.33262400000000003,0.45680024999999996,0.12417624999999993
2,0.32165525,0.39076,0.06910474999999999
3,0.3444245,0.4352725,0.09084799999999998
4,0.34115725,0.4456864999999999,0.10452924999999985
5,0.3176875,0.44744125,0.12975375
6,0.32265625,0.43506875,0.11241250000000003
7,0.34361250000000004,0.43848625,0.09487374999999998
8,0.329036,0.427745,0.09870899999999999
