site,lower,upper,range
1,-10.626386223505481,27.755960729166667,38.38234695267215
5,-10.626386223505481,27.755960729166667,38.38234695267215
8,-10.626386223505481,27.755960729166667,38.38234695267215
2,-10.626386223505481,27.755960729166667,38.38234695267215
6,-10.626386223505481,27.755960729166667,38.38234695267215
3,-10.626386223505481,27.755960729166667,38.38234695267215
7,-10.626386223505481,27.755960729166667,38.38234695267215
4,-10.626386223505481,27.755960729166667,38.38234695267215
