site,lower,upper,range
1,0.3329845,0.4567195,0.12373499999999998
2,0.32166725,0.39076,0.06909274999999998
3,0.3444485,0.4364515,0.092003
4,0.34124125000000005,0.44534250000000003,0.10410124999999998
5,0.31790375,0.44737,0.12946625
6,0.32266175,0.43509875,0.11243699999999995
7,0.3436205,0.43847424999999995,0.09485374999999996
8,0.32905,0.4276775,0.09862749999999998
