site,lower,upper,range
1,-10.557364636935965,27.745454166666665,38.302818803602634
5,-10.557364636935965,27.745454166666665,38.302818803602634
8,-10.557364636935965,27.745454166666665,38.302818803602634
2,-10.557364636935965,27.745454166666665,38.302818803602634
6,-10.557364636935965,27.745454166666665,38.302818803602634
3,-10.557364636935965,27.745454166666665,38.302818803602634
7,-10.557364636935965,27.745454166666665,38.302818803602634
4,-10.557364636935965,27.745454166666665,38.302818803602634
