site,lower,upper,range
1,0,27.826525,27.826525
3,0,27.826525,27.826525
6,0,27.826525,27.826525
8,0,27.826525,27.826525
5,0,27.826525,27.826525
7,0,27.826525,27.826525
2,0,27.826525,27.826525
4,0,27.826525,27.826525
