site,lower,upper,range
1,0.340072,0.45058600000000004,0.11051400000000006
2,0.322797,0.3871815,0.06438450000000001
3,0.346319,0.42862999999999996,0.08231099999999997
4,0.345309,0.43837649999999995,0.09306749999999997
5,0.32719,0.43947,0.11228000000000005
6,0.3239575,0.4307875,0.10682999999999998
7,0.34389749999999997,0.4300375,0.08614000000000005
8,0.32984600000000003,0.42213999999999996,0.09229399999999993
