site,lower,upper,range
1,0,21.412299999999995,21.412299999999995
2,0,9.309999999999985,9.309999999999985
3,0,23.52889999999998,23.52889999999998
4,0,18.543399999999977,18.543399999999977
5,0,21.4371,21.4371
6,0,17.7095,17.7095
7,0,11.161299999999999,11.161299999999999
8,0,16.051249999999996,16.051249999999996
