site,lower,upper,range
1,0.33300725,0.45671474999999995,0.12370749999999997
2,0.321668,0.39076,0.06909199999999999
3,0.34445,0.43645,0.09200000000000003
4,0.3412465,0.44532099999999997,0.10407449999999996
5,0.31794749999999994,0.44737,0.12942250000000005
6,0.3226635,0.43509749999999997,0.11243399999999998
7,0.343621,0.4384735,0.0948525
8,0.32905,0.42767425,0.09862424999999997
