site,lower,upper,range
1,-10.556462984563332,27.756238020833333,38.31270100539666
5,-10.556462984563332,27.756238020833333,38.31270100539666
8,-10.556462984563332,27.756238020833333,38.31270100539666
2,-10.556462984563332,27.756238020833333,38.31270100539666
6,-10.556462984563332,27.756238020833333,38.31270100539666
3,-10.556462984563332,27.756238020833333,38.31270100539666
7,-10.556462984563332,27.756238020833333,38.31270100539666
4,-10.556462984563332,27.756238020833333,38.31270100539666
