site,lower,upper,range
1,0,27.692349999999784,27.692349999999784
3,0,27.692349999999784,27.692349999999784
6,0,27.692349999999784,27.692349999999784
8,0,27.692349999999784,27.692349999999784
5,0,27.692349999999784,27.692349999999784
7,0,27.692349999999784,27.692349999999784
2,0,27.692349999999784,27.692349999999784
4,0,27.692349999999784,27.692349999999784
