site,lower,upper,range
1,0.3399985,0.450677,0.11067850000000001
2,0.3227775,0.38719,0.06441249999999998
3,0.34628,0.42896199999999995,0.08268199999999998
4,0.3452615,0.43853899999999996,0.09327749999999996
5,0.32708950000000003,0.440195,0.11310549999999997
6,0.3239465,0.4311115,0.10716499999999995
7,0.343896,0.43006,0.08616400000000002
8,0.32981299999999997,0.42256699999999997,0.092754
