site,lower,upper,range
1,-10.44020556378106,22.375101666666666,32.81530723044773
2,2.2851333333333335,29.57428697916667,27.289153645833334
3,4.14531375,27.9050575,23.759743750000002
4,-0.8135399999999999,24.127318749999997,24.940858749999997
5,-8.313917604166667,22.347735520833332,30.661653125
6,-3.0263481249999997,25.1510090625,28.177357187499997
7,-14.429359583333333,21.6932025,36.122562083333335
8,-6.3518375,26.995675,33.3475125
