site,lower,upper,range
1,0.33303125,0.45669875,0.12366749999999999
2,0.3216695,0.39079849999999994,0.06912899999999994
3,0.344456,0.4364295,0.09197350000000004
4,0.34126225,0.44593774999999997,0.10467549999999998
5,0.318035,0.44737,0.12933499999999998
6,0.322667,0.435648,0.112981
7,0.343622,0.438472,0.09484999999999999
8,0.32905,0.427671,0.09862100000000001
