site,lower,upper,range
1,-10.546653379788946,27.756055312500003,38.302708692288945
5,-10.546653379788946,27.756055312500003,38.302708692288945
8,-10.546653379788946,27.756055312500003,38.302708692288945
2,-10.546653379788946,27.756055312500003,38.302708692288945
6,-10.546653379788946,27.756055312500003,38.302708692288945
3,-10.546653379788946,27.756055312500003,38.302708692288945
7,-10.546653379788946,27.756055312500003,38.302708692288945
4,-10.546653379788946,27.756055312500003,38.302708692288945
