site,lower,upper,range
1,0.34013950000000004,0.450616,0.11047649999999998
2,0.322789,0.3871855,0.06439650000000002
3,0.346295,0.42879,0.082494999999999985
4,0.345302,0.438422,0.09311999999999998
5,0.32714200000000004,0.4398379999999999,0.11269599999999985
6,0.3239535,0.4309435,0.10698999999999997
7,0.34389349999999996,0.4300975,0.08620400000000006
8,0.329834,0.422266,0.09243199999999996
