site,lower,upper,range
1,-10.444603561309465,22.351358541666663,32.79596210297613
2,2.2874091666666665,29.55345583333333,27.266046666666664
3,4.1940766666666685,27.897648333333336,23.70357166666667
4,-0.8079195833333334,24.09769270833333,24.905612291666664
5,-8.30933977951213,22.343303645833334,30.652643425345467
6,-3.0130595833333325,25.14377072916667,28.156830312500002
7,-14.417689583333333,21.67697916666667,36.094668750000004
8,-6.283435833333334,26.987904999999998,33.27134083333333
