site,lower,upper,range
1,0,21.307400051635785,21.307400051635785
2,0,9.349999999999994,9.349999999999994
3,0,23.3891,23.3891
4,0,18.26260000000002,18.26260000000002
5,0,21.4375,21.4375
6,0,17.7099,17.7099
7,0,11.1621,11.1621
8,0,16.073249999999998,16.073249999999998
