site,lower,upper,range
1,0.33282525,0.45675275,0.12392749999999997
2,0.32165825,0.39076,0.06910175000000002
3,0.3444305,0.43573625000000005,0.09130575000000007
4,0.34118350000000003,0.4455789999999999,0.10439549999999986
5,0.3177335,0.44742224999999997,0.12968874999999996
6,0.32265725,0.43506375,0.11240650000000002
7,0.34361450000000004,0.43848325,0.09486874999999995
8,0.329046,0.42771999999999993,0.09867399999999993
