site,lower,upper,range
1,0.340063,0.450604,0.110541
2,0.322794,0.38718300000000005,0.06438900000000003
3,0.34631,0.42869,0.08238000000000001
4,0.345306,0.43839599999999995,0.09308999999999995
5,0.327172,0.4396079999999999,0.11243599999999987
6,0.323956,0.43084599999999995,0.10688999999999993
7,0.343896,0.43006,0.08616400000000002
8,0.3298415,0.42217,0.09232849999999998
