site,lower,upper,range
1,-10.44083722227361,22.346807291666664,32.78764451394027
2,2.2882279166666666,29.543853749999997,27.25562583333333
3,4.231329791666669,27.89249416666667,23.661164375
4,-0.8139414583333333,24.091187916666666,24.905129374999998
5,-8.307875633925558,22.343066666666665,30.650942300592224
6,-2.965399166666666,25.138311875,28.103711041666664
7,-14.416372916666667,21.675265625,36.09163854166667
8,-6.259006666666666,26.985129999999998,33.24413666666666
