site,lower,upper,range
1,0,21.436449999999972,21.436449999999972
2,0,9.324999999999996,9.324999999999996
3,0,23.598349999999918,23.598349999999918
4,0,18.613600000000023,18.613600000000023
5,0,21.437250000000002,21.437250000000002
6,0,17.70965,17.70965
7,0,11.161599999999998,11.161599999999998
8,0,16.0595,16.0595
