site,lower,upper,range
1,0.3398735,0.45068899999999995,0.11081549999999996
2,0.322789,0.38732199999999994,0.06453299999999995
3,0.34628,0.4291925,0.0829125
4,0.345092,0.43883599999999995,0.09374399999999994
5,0.32702,0.44032499999999997,0.11330499999999999
6,0.32391400000000004,0.4311765,0.10726249999999998
7,0.34389,0.43052199999999996,0.08663199999999999
8,0.3298065,0.422674,0.09286749999999999
