site,lower,upper,range
1,-10.261018958333333,22.40413770833333,32.66515666666666
2,2.2936326041666666,29.601904687500003,27.308272083333335
3,4.469153125,27.923405,23.454251874999997
4,-0.608727083333333,24.161855833333334,24.770582916666665
5,-8.304758541666667,22.382444166666662,30.68720270833333
6,-3.0130595833333325,25.208373750000003,28.221433333333337
7,-14.572656250000001,21.753845833333333,36.32650208333334
8,-6.2342525,27.006634375,33.240886875
