site,lower,upper,range
1,-10.302793958333334,22.40413770833333,32.70693166666666
2,2.3460715468211943,29.601904687500003,27.25583314067881
3,4.416475625,27.923405,23.506929375
4,-0.8203524999999997,24.161855833333334,24.982208333333332
5,-8.304758541666667,22.382444166666662,30.68720270833333
6,-2.7987357624143976,25.208373750000003,28.007109512414402
7,-14.442914583333334,21.753845833333333,36.19676041666666
8,-6.2342525,27.006634375,33.240886875
