site,lower,upper,range
1,0,21.288100000000014,21.288100000000014
2,0.02,9.101999999999995,9.081999999999995
3,0,23.3891,23.3891
4,0,17.70940000000001,17.70940000000001
5,0,21.658,21.658
6,0,17.71,17.71
7,0,11.16,11.16
8,0,15.794,15.794
