site,lower,upper,range
1,0,21.87990000000002,21.87990000000002
2,0.003999999913503425,9.239999999999993,9.23600000008649
3,0,23.714100000000023,23.714100000000023
4,0,17.662,17.662
5,0,21.658,21.658
6,0,17.71,17.71
7,0,11.16,11.16
8,0,16.032,16.032
