site,lower,upper,range
1,0.33303625,0.45665374999999997,0.12361749999999999
2,0.32167250000000003,0.39092499999999997,0.06925249999999994
3,0.34446799999999994,0.43638849999999996,0.09192050000000002
4,0.34128325000000004,0.44609699999999997,0.10481374999999993
5,0.31821,0.44737,0.12916
6,0.322674,0.436422,0.11374799999999996
7,0.34362400000000004,0.438469,0.09484499999999996
8,0.32905,0.427658,0.09860799999999997
