site,lower,upper,range
1,-10.528177604166668,27.75651302083333,38.284690624999996
5,-10.528177604166668,27.75651302083333,38.284690624999996
8,-10.528177604166668,27.75651302083333,38.284690624999996
2,-10.528177604166668,27.75651302083333,38.284690624999996
6,-10.528177604166668,27.75651302083333,38.284690624999996
3,-10.528177604166668,27.75651302083333,38.284690624999996
7,-10.528177604166668,27.75651302083333,38.284690624999996
4,-10.528177604166668,27.75651302083333,38.284690624999996
