site,lower,upper,range
1,0.339798,0.45078300000000004,0.11098500000000006
2,0.323047,0.387439,0.064392
3,0.34631,0.429335,0.08302500000000002
4,0.3450725,0.438953,0.09388049999999998
5,0.32696,0.4404475,0.11348750000000002
6,0.3239,0.431268,0.10736799999999996
7,0.343974,0.43072199999999994,0.08674799999999994
8,0.33009799999999995,0.422734,0.09263600000000005
