site,lower,upper,range
1,0,21.436450000000008,21.436450000000008
2,0.03,9.202499999999993,9.172499999999994
3,0,23.38835,23.38835
4,0,17.887150000000013,17.887150000000013
5,0,21.438750000000002,21.438750000000002
6,0,17.71,17.71
7,0,11.101599999999987,11.101599999999987
8,0,16.032,16.032
