site,lower,upper,range
1,0,21.550349999999977,21.550349999999977
2,0,9.142499999999979,9.142499999999979
3,0,23.41314999999998,23.41314999999998
4,0,18.04749999999999,18.04749999999999
5,0,21.440549999999998,21.440549999999998
6,0,17.71,17.71
7,0,11.1608,11.1608
8,0,16.032,16.032
