site,lower,upper,range
1,0.33984600000000004,0.450741,0.11089499999999997
2,0.3230495,0.3874315,0.064382
3,0.34628,0.4292875,0.08300750000000001
4,0.345082,0.438931,0.09384900000000002
5,0.32697,0.44039,0.11342000000000002
6,0.3239,0.43121299999999996,0.10731299999999994
7,0.343944,0.4306144999999999,0.08667049999999987
8,0.330079,0.42271400000000003,0.09263500000000002
