site,lower,upper,range
1,-9.631731666666667,22.42212833333333,32.05386
2,2.553876354166667,29.616027187500002,27.062150833333334
3,4.573837916666667,27.931643333333334,23.357805416666665
4,-0.8119341666666666,24.179155833333333,24.99109
5,-8.108740937499999,22.409261458333322,30.51800239583332
6,-2.396972808614741,25.2187796875,27.61575249611474
7,-13.572885416666667,21.763304166666668,35.336189583333336
8,-5.637400416666667,27.010764583333334,32.648165
