site,lower,upper,range
1,0,21.396200000000007,21.396200000000007
2,0.02,9.164999999999992,9.144999999999992
3,0,23.3876,23.3876
4,0,17.82790000000001,17.82790000000001
5,0,21.441,21.441
6,0,17.71,17.71
7,0,11.16,11.16
8,0,16.032,16.032
