site,lower,upper,range
1,0,22.086933421721078,22.086933421721078
2,0.005666666544129849,9.378999999999998,9.373333333455868
3,0,23.482600000000023,23.482600000000023
4,0,17.82790000000001,17.82790000000001
5,0,21.441,21.441
6,0,17.71,17.71
7,0,11.16,11.16
8,0,16.04575,16.04575
