site,lower,upper,range
1,0.340036,0.450658,0.110622
2,0.322785,0.3871875,0.06440250000000003
3,0.346283,0.42887000000000003,0.08258700000000002
4,0.34529699999999997,0.43845449999999997,0.0931575
5,0.327118,0.4400219999999999,0.1129039999999999
6,0.3239515,0.4310215,0.10707
7,0.34389099999999995,0.43013499999999993,0.08624399999999999
8,0.329828,0.42235199999999995,0.09252399999999994
