site,lower,upper,range
1,-10.448346288425881,22.358142291666667,32.80648858009255
2,2.286754166666667,29.5611375,27.274383333333333
3,4.164274166666666,27.901771666666665,23.7374975
4,-0.8095254166666667,24.106157291666666,24.915682708333332
5,-8.31051109598139,22.34349322916667,30.65400432514806
6,-3.0234585416666664,25.1462809375,28.169739479166665
7,-14.418742916666666,21.678350000000002,36.09709291666667
8,-6.302979166666667,26.990125,33.293104166666666
