site,lower,upper,range
1,0,21.338699999999967,21.338699999999967
2,0,9.27,9.27
3,0,23.389699999999998,23.389699999999998
4,0,18.024200175249298,18.024200175249298
5,0,21.4377,21.4377
6,0,17.71,17.71
7,0,11.1625,11.1625
8,0,16.08424999999999,16.08424999999999
