site,lower,upper,range
1,0.339814,0.450769,0.11095499999999997
2,0.3230475,0.3874375,0.06439
3,0.34628,0.4293255,0.08304550000000005
4,0.345075,0.438952,0.09387699999999999
5,0.326962,0.440436,0.11347400000000002
6,0.3239,0.431257,0.10735699999999998
7,0.343936,0.43070049999999993,0.08676449999999991
8,0.3301,0.42273000000000005,0.09263000000000005
