site,lower,upper,range
1,-9.642638750000001,22.42932458333333,32.07196333333333
2,2.539981770833333,29.616960937500004,27.07697916666667
3,4.591267083333333,27.932805416666667,23.341538333333332
4,-0.7956687499999999,24.186075833333334,24.981744583333334
5,-8.109428854166666,22.425565624999994,30.53499447916666
6,-2.409217205036107,25.222140104166666,27.631357309202773
7,-13.363981666666668,21.765499583333337,35.129481250000005
8,-5.644058333333334,27.012416666666667,32.656475
