site,lower,upper,range
1,0,21.42839999999998,21.42839999999998
2,0.03,9.195,9.165000000000001
3,0,23.3882,23.3882
4,0,17.875299999999967,17.875299999999967
5,0,21.52780000000002,21.52780000000002
6,0,17.71,17.71
7,0,11.087000000000002,11.087000000000002
8,0,16.032,16.032
