site,lower,upper,range
1,0,22.141866843442095,22.141866843442095
2,0.013333333261252847,9.385,9.371666666738747
3,0,23.57519999999994,23.57519999999994
4,0,17.875299999999967,17.875299999999967
5,0,21.52780000000002,21.52780000000002
6,0,17.71,17.71
7,0,11.087000000000002,11.087000000000002
8,0,16.05675,16.05675
