site,lower,upper,range
1,0.34003,0.45055,0.11052000000000001
2,0.32280149999999996,0.387176,0.06437450000000006
3,0.346348,0.42892199999999997,0.08257399999999998
4,0.34531,0.4382339999999999,0.0929239999999999
5,0.327208,0.439087,0.111879
6,0.3239595,0.4307095,0.10675000000000001
7,0.34389949999999997,0.4300075,0.08610800000000002
8,0.32985200000000003,0.42210000000000003,0.092248
