site,lower,upper,range
1,-10.436415612825762,22.344102083333333,32.780517696159094
2,2.2912082291666667,29.5318265625,27.240618333333334
3,4.283484166666668,27.88527833333333,23.60179416666666
4,-0.8111312500000001,24.085885416666667,24.897016666666666
5,-8.305825830104355,22.342734895833335,30.648560725937692
6,-2.8986745833333325,25.130669479166663,28.029344062499995
7,-14.402408958333332,21.670294999999996,36.07270395833333
8,-6.245605833333334,26.971486249999998,33.217092083333334
