site,lower,upper,range
1,0,21.380099999999985,21.380099999999985
2,0,9.290000000000004,9.290000000000004
3,0,23.436299999999957,23.436299999999957
4,0,18.449799999999957,18.449799999999957
5,0,21.33939999999987,21.33939999999987
6,0,17.7093,17.7093
7,0,11.215750085159197,11.215750085159197
8,0,16.040249999999993,16.040249999999993
