site,lower,upper,range
1,0.33985400000000004,0.450693,0.11083899999999997
2,0.32276800000000005,0.387202,0.06443399999999994
3,0.3462775,0.4290975,0.08282
4,0.3451095,0.438747,0.09363749999999998
5,0.32707,0.44026,0.11318999999999996
6,0.32393400000000006,0.43117150000000004,0.10723749999999999
7,0.34389,0.430482,0.086592
8,0.32978,0.42265499999999995,0.09287499999999993
