site,lower,upper,range
1,-10.340875833333333,22.393077916666666,32.73395375
2,2.277098541666667,29.586472395833333,27.309373854166665
3,4.1360279166666665,27.91161125,23.775583333333334
4,-0.846385833333333,24.14935083333333,24.995736666666662
5,-8.312473020833334,22.361602499999996,30.67407552083333
6,-3.035480833333333,25.179923750000004,28.21540458333334
7,-14.46550625,21.7443875,36.20989375
8,-6.406220833333332,27.00246,33.408680833333335
