site,lower,upper,range
1,0,21.626399999999904,21.626399999999904
2,0,9.164999999999992,9.164999999999992
3,0,23.482599999999916,23.482599999999916
4,0,17.82790000000001,17.82790000000001
5,0,21.441,21.441
6,0,17.71,17.71
7,0,11.16,11.16
8,0,16.032,16.032
