site,lower,upper,range
1,0.339822,0.450762,0.11093999999999998
2,0.323048,0.387436,0.064388
3,0.34628,0.429316,0.083036
4,0.34507750000000004,0.43895100000000004,0.0938735
5,0.32696400000000003,0.4404245,0.11346049999999996
6,0.3239,0.431246,0.107346
7,0.34393799999999997,0.4306789999999999,0.08674099999999996
8,0.330102,0.42272600000000005,0.09262400000000004
