site,lower,upper,range
1,-9.639911979166667,22.427525520833335,32.067437500000004
2,2.543455416666667,29.616727500000003,27.073272083333336
3,4.565624166666668,27.932514895833336,23.36689072916667
4,-0.8131385416666668,24.184345833333335,24.997484375000003
5,-8.109256875,22.42148958333333,30.53074645833333
6,-2.4061561059307657,25.2213,27.627456105930765
7,-13.3601690625,21.764950729166664,35.12511979166666
8,-5.6423938541666665,27.012003645833335,32.6543975
