site,lower,upper,range
1,0,22.12813348801184,22.12813348801184
2,0.006666666522505693,9.383500000000002,9.376833333477496
3,0,23.55204999999996,23.55204999999996
4,0,17.86344999999998,17.86344999999998
5,0,21.50609999999994,21.50609999999994
6,0,17.71,17.71
7,0,11.072400000000012,11.072400000000012
8,0,16.053999999999995,16.053999999999995
