site,lower,upper,range
1,0,21.420349999999985,21.420349999999985
2,0.02550000000000004,9.187500000000007,9.162000000000008
3,0,23.38805,23.38805
4,0,17.86344999999998,17.86344999999998
5,0,21.50609999999994,21.50609999999994
6,0,17.71,17.71
7,0,11.072400000000012,11.072400000000012
8,0,16.032,16.032
