site,lower,upper,range
1,0.340021,0.450672,0.110651
2,0.322781,0.3871895,0.06440850000000004
3,0.34628,0.42891399999999996,0.08263399999999999
4,0.345293,0.4384805,0.09318749999999998
5,0.3270985,0.440165,0.11306649999999996
6,0.3239495,0.4310845,0.10713499999999998
7,0.343899,0.43018199999999995,0.08628299999999994
8,0.329822,0.422438,0.09261599999999998
