site,lower,upper,range
1,-10.452089015542295,22.364926041666667,32.81701505720896
2,2.286099166666667,29.568819166666668,27.28272
3,4.148358125,27.904139375000003,23.755781250000005
4,-0.8111312500000001,24.114621874999997,24.925753124999996
5,-8.311750729166667,22.344221145833334,30.655971875
6,-3.0246143749999996,25.1481721875,28.172786562499997
7,-14.41979625,21.67972083333333,36.09951708333333
8,-6.322522500000001,26.992345,33.3148675
