site,lower,upper,range
1,0,21.380099999999985,21.380099999999985
2,0,9.150000000000006,9.150000000000006
3,0,23.436299999999957,23.436299999999957
4,0,18.072466783499536,18.072466783499536
5,0,21.4379,21.4379
6,0,17.71,17.71
7,0,11.1609,11.1609
8,0,16.040249999999993,16.040249999999993
