site,lower,upper,range
1,0.34005399999999997,0.450682,0.11062800000000006
2,0.322777,0.38719,0.064413
3,0.34628,0.42896999999999996,0.08268999999999999
4,0.345252,0.43855200000000005,0.09330000000000005
5,0.32708800000000005,0.4402,0.11311199999999993
6,0.323946,0.431116,0.10716999999999999
7,0.343896,0.43027799999999994,0.08638199999999996
8,0.3298115,0.4225885,0.092777
