site,lower,upper,range
1,0.33990850000000006,0.4507035,0.11079499999999992
2,0.322756,0.38727399999999995,0.06451799999999996
3,0.3462745,0.4291545,0.08288000000000001
4,0.345096,0.438798,0.09370200000000001
5,0.32704,0.440299,0.113259
6,0.32392200000000004,0.4311745,0.10725249999999997
7,0.34389,0.43050600000000006,0.08661600000000008
8,0.329772,0.42266699999999996,0.09289499999999995
