site,lower,upper,range
1,0.3398875,0.450685,0.1107975
2,0.322756,0.38727399999999995,0.06451799999999996
3,0.3462745,0.4291545,0.08288000000000001
4,0.345096,0.438798,0.09370200000000001
5,0.32704,0.440299,0.113259
6,0.32392200000000004,0.4311745,0.10725249999999997
7,0.34389,0.43050600000000006,0.08661600000000008
8,0.329774,0.422664,0.09288999999999997
