site,lower,upper,range
1,-10.335178958333334,22.398674166666666,32.733853124999996
2,2.243327291666667,29.595731770833332,27.352404479166665
3,4.131232291666667,27.918687499999997,23.78745520833333
4,-0.8620058333333334,24.15613458333333,25.018140416666665
5,-8.300969375000001,22.3741075,30.675076875000002
6,-3.0269260416666666,25.19699375,28.223919791666667
7,-14.52979625,21.7500625,36.27985875
8,-6.423174166666667,27.004982291666668,33.42815645833333
