site,lower,upper,range
1,-10.294553958333331,22.398674166666666,32.693228125
2,2.1635376041666667,29.595731770833332,27.432194166666665
3,4.144298958333334,27.918687499999997,23.774388541666664
4,-0.6535270833333333,24.15613458333333,24.809661666666663
5,-8.300969375000001,22.3741075,30.675076875000002
6,-3.0743442708333335,25.19699375,28.271338020833333
7,-14.745166874999999,21.7500625,36.495229374999994
8,-6.423174166666667,27.004982291666668,33.42815645833333
