site,lower,upper,range
1,0,21.2375,21.2375
2,0.02,9.08399999999999,9.063999999999991
3,0,23.3885,23.3885
4,0,17.899,17.899
5,0,21.57119999999998,21.57119999999998
6,0,17.71,17.71
7,0,11.116199999999973,11.116199999999973
8,0,15.603599999999958,15.603599999999958
