site,lower,upper,range
1,0,21.7785,21.7785
2,0.0013333333045011575,9.209999999999987,9.208666666695486
3,0,23.6215,23.6215
4,0,17.662,17.662
5,0,21.57119999999998,21.57119999999998
6,0,17.71,17.71
7,0,11.116199999999973,11.116199999999973
8,0,16.032,16.032
