site,lower,upper,range
1,0.332575,0.456805,0.12423000000000001
2,0.3216545,0.39076,0.06910549999999999
3,0.344423,0.4351475,0.09072450000000004
4,0.34115200000000007,0.44570799999999994,0.10455599999999987
5,0.31767599999999996,0.44744599999999995,0.12977
6,0.322656,0.43506999999999996,0.11241399999999996
7,0.34361200000000003,0.438487,0.09487499999999999
8,0.329036,0.427745,0.09870899999999999
