site,lower,upper,range
1,-10.630412508026437,27.756055312500003,38.38646782052644
5,-10.630412508026437,27.756055312500003,38.38646782052644
8,-10.630412508026437,27.756055312500003,38.38646782052644
2,-10.630412508026437,27.756055312500003,38.38646782052644
6,-10.630412508026437,27.756055312500003,38.38646782052644
3,-10.630412508026437,27.756055312500003,38.38646782052644
7,-10.630412508026437,27.756055312500003,38.38646782052644
4,-10.630412508026437,27.756055312500003,38.38646782052644
