site,lower,upper,range
1,0.340178,0.45057400000000003,0.11039600000000005
2,0.3228,0.38718,0.06438000000000005
3,0.34632799999999997,0.4285699999999999,0.08224199999999993
4,0.34531,0.4382679999999999,0.09295799999999987
5,0.327208,0.43933199999999994,0.11212399999999995
6,0.32395900000000005,0.430729,0.10676999999999992
7,0.343899,0.430015,0.08611599999999997
8,0.32985050000000005,0.42211,0.09225949999999994
