site,lower,upper,range
1,-10.43704727131831,22.34448854166667,32.781535812984984
2,2.2892104166666667,29.53233125,27.243120833333332
3,4.276033541666666,27.886309166666663,23.610275624999996
4,-0.8115327083333334,24.086642916666666,24.898175625
5,-8.306118659221669,22.342782291666666,30.648900950888333
6,-2.9082066666666666,25.131761249999997,28.03996791666666
7,-14.408732604166666,21.67192354166667,36.08065614583333
8,-6.247025000000001,26.97366770833333,33.22069270833333
