site,lower,upper,range
1,0,21.38814999999998,21.38814999999998
2,0,9.295,9.295
3,0,23.45944999999994,23.45944999999994
4,0,18.473199999999935,18.473199999999935
5,0,21.388200000000047,21.388200000000047
6,0,17.70935,17.70935
7,0,11.221500094621327,11.221500094621327
8,0,16.042999999999992,16.042999999999992
