site,lower,upper,range
1,0.333045,0.456575,0.12353000000000003
2,0.32167775000000004,0.3908865,0.06920874999999999
3,0.344489,0.43631675000000003,0.09182775000000004
4,0.34132,0.44614,0.10481999999999997
5,0.31851625,0.44737,0.12885375
6,0.32268625,0.43667500000000004,0.11398875000000003
7,0.3436275,0.43846375,0.09483625000000001
8,0.32905,0.42763525,0.09858525000000001
