site,lower,upper,range
1,-10.515133541666668,27.741981875,38.257115416666664
5,-10.515133541666668,27.741981875,38.257115416666664
8,-10.515133541666668,27.741981875,38.257115416666664
2,-10.515133541666668,27.741981875,38.257115416666664
6,-10.515133541666668,27.741981875,38.257115416666664
3,-10.515133541666668,27.741981875,38.257115416666664
7,-10.515133541666668,27.741981875,38.257115416666664
4,-10.515133541666668,27.741981875,38.257115416666664
