site,lower,upper,range
1,0,27.607925000000026,27.607925000000026
3,0,27.607925000000026,27.607925000000026
6,0,27.607925000000026,27.607925000000026
8,0,27.607925000000026,27.607925000000026
5,0,27.607925000000026,27.607925000000026
7,0,27.607925000000026,27.607925000000026
2,0,27.607925000000026,27.607925000000026
4,0,27.607925000000026,27.607925000000026
