site,lower,upper,range
1,0,21.42839999999998,21.42839999999998
2,0,9.065,9.065
3,0,23.3882,23.3882
4,0,17.875299999999967,17.875299999999967
5,0,21.4386,21.4386
6,0,17.71,17.71
7,0,11.1615,11.1615
8,0,16.032,16.032
