site,lower,upper,range
1,0.33987700000000004,0.450688,0.11081099999999994
2,0.3227715,0.38719,0.06441849999999999
3,0.3462795,0.4290595,0.08277999999999996
4,0.34514750000000005,0.43869499999999995,0.0935474999999999
5,0.32707450000000005,0.440245,0.11317049999999995
6,0.3239405,0.43116550000000003,0.10722500000000001
7,0.3438905,0.430454,0.08656350000000002
8,0.32979,0.42264,0.09284999999999999
