site,lower,upper,range
1,-10.345724999999998,22.38934708333333,32.73507208333333
2,2.2832083333333335,29.582800729166664,27.29959239583333
3,4.139225,27.90689375,23.76766875
4,-0.8359725,24.14482833333333,24.98080083333333
5,-8.318251354166668,22.354764270833336,30.673015625000005
6,-3.0323208333333334,25.16854375,28.200864583333335
7,-14.456469583333334,21.731591249999997,36.18806083333333
8,-6.392625,27.000763749999997,33.39338875
