site,lower,upper,range
1,0,21.525,21.525
2,0,9.134999999999986,9.134999999999986
3,0,23.39,23.39
4,0,18.034,18.034
5,0,21.4404,21.4404
6,0,17.71,17.71
7,0,11.160699999999999,11.160699999999999
8,0,16.032,16.032
