site,lower,upper,range
1,0.3401285,0.45068299999999994,0.11055449999999994
2,0.3227755,0.38719,0.06441449999999999
3,0.34628,0.428994,0.08271400000000001
4,0.345233,0.43857799999999997,0.09334499999999996
5,0.3270835,0.44021499999999997,0.11313149999999994
6,0.32394449999999997,0.4311295,0.10718500000000003
7,0.3438945,0.430326,0.0864315
8,0.329806,0.422616,0.09281
