site,lower,upper,range
1,-10.442732197751258,22.381885416666666,32.824617614417924
2,2.284491666666667,29.577124895833336,27.29263322916667
3,4.143284166666667,27.90566958333333,23.762385416666664
4,-0.8151458333333333,24.135783333333332,24.950929166666665
5,-8.3153621875,22.350078437500002,30.665440625000002
6,-3.027503958333333,25.1529003125,28.180404270833336
7,-14.43839625,21.705998749999992,36.14439499999999
8,-6.365433333333334,26.99737125,33.362804583333336
