site,lower,upper,range
1,0,21.460599999999985,21.460599999999985
2,0,9.087000000000005,9.087000000000005
3,0,23.3888,23.3888
4,0,17.925999999999977,17.925999999999977
5,0,21.4392,21.4392
6,0,17.71,17.71
7,0,11.1619,11.1619
8,0,15.69879999999987,15.69879999999987
