site,lower,upper,range
1,0.34006000000000003,0.45061,0.11054999999999998
2,0.322793,0.3871835,0.06439050000000002
3,0.346307,0.42871,0.082403
4,0.345305,0.43840250000000003,0.09309750000000006
5,0.327166,0.43965400000000004,0.11248800000000003
6,0.3239555,0.4308655,0.10691
7,0.34389549999999997,0.4300675,0.08617200000000003
8,0.32984,0.42218,0.09233999999999998
