site,lower,upper,range
1,-10.441468880766159,22.34719375,32.788662630766154
2,2.2880641666666666,29.54577416666666,27.257709999999996
3,4.223879166666666,27.893525,23.669645833333334
4,-0.8013927083333332,24.091945416666665,24.893338125
5,-8.308168463042872,22.3431140625,30.65128252554287
6,-2.97493125,25.139403645833333,28.114334895833334
7,-14.41663625,21.675608333333333,36.09224458333333
8,-6.2638925,26.985685,33.2495775
