site,lower,upper,range
1,0,21.444499999999998,21.444499999999998
2,0,9.329999999999991,9.329999999999991
3,0,23.6215,23.6215
4,0,18.637,18.637
5,0,21.4373,21.4373
6,0,17.7097,17.7097
7,0,11.1617,11.1617
8,0,16.062249999999995,16.062249999999995
