site,lower,upper,range
1,0.33267199999999997,0.45679074999999997,0.12411875
2,0.32165675,0.39076,0.06910325
3,0.3444275,0.43547875,0.09105125000000003
4,0.34116775,0.4456434999999999,0.10447574999999992
5,0.3177105,0.44743175,0.12972125
6,0.32265675,0.43506625,0.1124095
7,0.3436135,0.43848475,0.09487124999999996
8,0.32904,0.427735,0.09869499999999998
