site,lower,upper,range
1,0.3327115,0.4567764999999999,0.12406499999999993
2,0.32165675,0.39076,0.06910325
3,0.3444275,0.43547875,0.09105125000000003
4,0.34117300000000006,0.4456220000000001,0.10444900000000001
5,0.3177105,0.44743175,0.12972125
6,0.32265675,0.43506625,0.1124095
7,0.3436135,0.43848475,0.09487124999999996
8,0.329042,0.42773,0.098688
