site,lower,upper,range
1,-10.618333654463571,27.7557715625,38.37410521696357
5,-10.618333654463571,27.7557715625,38.37410521696357
8,-10.618333654463571,27.7557715625,38.37410521696357
2,-10.618333654463571,27.7557715625,38.37410521696357
6,-10.618333654463571,27.7557715625,38.37410521696357
3,-10.618333654463571,27.7557715625,38.37410521696357
7,-10.618333654463571,27.7557715625,38.37410521696357
4,-10.618333654463571,27.7557715625,38.37410521696357
