site,lower,upper,range
1,0.33991550000000004,0.45070049999999995,0.11078499999999991
2,0.32276,0.38725,0.06448999999999999
3,0.3462755,0.4291355,0.08285999999999999
4,0.345098,0.4387789999999999,0.0936809999999999
5,0.32705000000000006,0.440286,0.11323599999999995
6,0.32392600000000005,0.4311735,0.10724749999999994
7,0.34389,0.43049800000000005,0.08660800000000007
8,0.329776,0.42266099999999995,0.09288499999999994
