site,lower,upper,range
1,-10.339567083333334,22.39680875,32.736375833333334
2,2.2545843750000003,29.592645312500004,27.338060937500003
3,4.132830833333333,27.916328749999995,23.78349791666666
4,-0.8567991666666666,24.153873333333333,25.0106725
5,-8.313917604166667,22.369939166666665,30.68385677083333
6,-3.038640833333333,25.19130374999999,28.22994458333332
7,-14.50836625,21.748170833333333,36.256537083333335
8,-6.419816666666667,27.00415625,33.42397291666667
