site,lower,upper,range
1,0,21.72779999999993,21.72779999999993
2,0,9.195,9.195
3,0,23.57519999999994,23.57519999999994
4,0,17.662,17.662
5,0,21.52780000000002,21.52780000000002
6,0,17.71,17.71
7,0,11.087000000000002,11.087000000000002
8,0,16.032,16.032
