site,lower,upper,range
1,0.339718,0.4507185,0.1110005
2,0.32304900000000003,0.38743299999999997,0.06438399999999994
3,0.34628,0.42929700000000004,0.08301700000000006
4,0.345081,0.4389405,0.09385949999999998
5,0.32694999999999996,0.44050500000000004,0.11355500000000007
6,0.3239,0.431312,0.10741199999999995
7,0.343936,0.43070049999999993,0.08676449999999991
8,0.330102,0.42272600000000005,0.09262400000000004
