site,lower,upper,range
1,0.339838,0.45074800000000004,0.11091000000000006
2,0.32304900000000003,0.38743299999999997,0.06438399999999994
3,0.34628,0.42929700000000004,0.08301700000000006
4,0.345081,0.4389405,0.09385949999999998
5,0.32696800000000004,0.4404015,0.11343349999999996
6,0.3239,0.431224,0.10732399999999997
7,0.34394199999999997,0.430636,0.08669400000000005
8,0.330106,0.42271800000000004,0.09261200000000003
