site,lower,upper,range
1,-9.634458437500001,22.423927395833328,32.05838583333333
2,2.550402708333334,29.616260625000002,27.06585791666667
3,4.5711,27.931933854166665,23.360833854166664
4,-0.812335625,24.180885833333328,24.993221458333327
5,-8.108912916666666,22.413337500000004,30.522250416666672
6,-2.4000339077200827,25.219619791666666,27.61965369938675
7,-13.4323784375,21.76385302083333,35.19623145833333
8,-5.639064895833333,27.011177604166665,32.6502425
