site,lower,upper,range
1,0,22.100666777151332,22.100666777151332
2,0.005499999881067216,9.380499999999996,9.375000000118929
3,0,23.50575,23.50575
4,0,17.839750000000002,17.839750000000002
5,0,21.46269999999998,21.46269999999998
6,0,17.71,17.71
7,0,11.16,11.16
8,0,16.048499999999997,16.048499999999997
