site,lower,upper,range
1,0,21.404249999999998,21.404249999999998
2,0.02,9.172499999999985,9.152499999999986
3,0,23.38775,23.38775
4,0,17.839750000000002,17.839750000000002
5,0,21.46269999999998,21.46269999999998
6,0,17.71,17.71
7,0,11.16,11.16
8,0,16.032,16.032
