site,lower,upper,range
1,0.33291625,0.45673375,0.12381749999999997
2,0.32166425,0.39076,0.06909575000000001
3,0.3444425,0.43645750000000005,0.09201500000000007
4,0.34122550000000007,0.44540700000000005,0.10418149999999998
5,0.3178255,0.44738425,0.12955875
6,0.322659,0.43505499999999997,0.112396
7,0.34361850000000005,0.43847725,0.09485874999999994
8,0.32905,0.4276905,0.09864049999999996
