site,lower,upper,range
1,-10.56204875,27.754839479166666,38.316888229166665
5,-10.56204875,27.754839479166666,38.316888229166665
8,-10.56204875,27.754839479166666,38.316888229166665
2,-10.56204875,27.754839479166666,38.316888229166665
6,-10.56204875,27.754839479166666,38.316888229166665
3,-10.56204875,27.754839479166666,38.316888229166665
7,-10.56204875,27.754839479166666,38.316888229166665
4,-10.56204875,27.754839479166666,38.316888229166665
