site,lower,upper,range
1,0.340021,0.450672,0.110651
2,0.3227795,0.38719,0.06441049999999998
3,0.34628,0.42893,0.08265
4,0.345291,0.43849350000000004,0.09320250000000002
5,0.32709550000000004,0.440175,0.11307949999999994
6,0.3239485,0.4310935,0.10714500000000005
7,0.34389800000000004,0.43003,0.08613199999999999
8,0.32981900000000003,0.42248099999999994,0.09266199999999991
