site,lower,upper,range
1,-10.453960379100504,22.368317916666662,32.82227829576716
2,2.285775,29.5714490625,27.2856740625
3,4.147343333333334,27.904445416666668,23.757102083333336
4,-0.8119341666666666,24.11885416666666,24.93078833333333
5,-8.312473020833334,22.345392604166666,30.657865625
6,-3.0251922916666665,25.149117812500002,28.17431010416667
7,-14.420322916666667,21.68040625,36.10072916666667
8,-6.332294166666666,26.993454999999997,33.32574916666666
