site,lower,upper,range
1,0,21.396199999999972,21.396199999999972
2,0,9.164999999999992,9.164999999999992
3,0,23.482599999999916,23.482599999999916
4,0,18.09660008762468,18.09660008762468
5,0,21.438000000000002,21.438000000000002
6,0,17.71,17.71
7,0,11.1611,11.1611
8,0,16.04575,16.04575
