site,lower,upper,range
1,0.34022600000000003,0.450549,0.11032299999999995
2,0.32280299999999995,0.387172,0.06436900000000007
3,0.346334,0.4290689999999999,0.08273499999999995
4,0.34531,0.43816600000000006,0.09285600000000005
5,0.3272215,0.4392315,0.11201
6,0.323964,0.43068249999999997,0.1067185
7,0.3438905,0.429999,0.08610850000000003
8,0.329855,0.42208,0.092225
