site,lower,upper,range
1,0,21.364,21.364
2,0,9.27999999999999,9.27999999999999
3,0,23.853,23.853
4,0,18.403,18.403
5,0,21.241799999999955,21.241799999999955
6,0,17.7092,17.7092
7,0,11.308050123007716,11.308050123007716
8,0,16.099799999999988,16.099799999999988
