site,lower,upper,range
1,0.33303375,0.45667625,0.12364249999999999
2,0.32167100000000004,0.39093599999999995,0.06926499999999991
3,0.34446199999999993,0.43640899999999994,0.091947
4,0.34127275,0.446099,0.10482625000000001
5,0.3181225,0.44737,0.12924750000000002
6,0.32267049999999997,0.435707,0.11303650000000004
7,0.343623,0.43847050000000004,0.09484750000000003
8,0.32905,0.4276645,0.0986145
