site,lower,upper,range
1,-10.535700017867544,27.745454166666665,38.28115418453421
5,-10.535700017867544,27.745454166666665,38.28115418453421
8,-10.535700017867544,27.745454166666665,38.28115418453421
2,-10.535700017867544,27.745454166666665,38.28115418453421
6,-10.535700017867544,27.745454166666665,38.28115418453421
3,-10.535700017867544,27.745454166666665,38.28115418453421
7,-10.535700017867544,27.745454166666665,38.28115418453421
4,-10.535700017867544,27.745454166666665,38.28115418453421
