site,lower,upper,range
1,-10.435152295840663,22.343329166666667,32.77848146250733
2,2.295203854166667,29.5308171875,27.235613333333333
3,4.298385416666667,27.883216666666666,23.58483125
4,-0.8103283333333333,24.084370416666665,24.89469875
5,-8.304878538437688,22.34025354166667,30.645132080104357
6,-2.879610416666667,25.1284859375,28.008096354166668
7,-14.389761666666667,21.667037916666665,36.05679958333333
8,-6.242767499999999,26.967123333333326,33.209890833333326
