site,lower,upper,range
1,0.340057,0.450616,0.11055900000000002
2,0.32279199999999997,0.387184,0.064392
3,0.34630399999999995,0.42872999999999994,0.082426
4,0.345304,0.438409,0.093105
5,0.32716,0.4397,0.11253999999999997
6,0.323955,0.430885,0.10693000000000003
7,0.34389499999999995,0.430075,0.08618000000000003
8,0.32983850000000003,0.4222015,0.09236299999999997
