site,lower,upper,range
1,-10.442100539258709,22.347580208333333,32.789680747592044
2,2.287900416666667,29.547694583333328,27.259794166666662
3,4.216428541666668,27.89455583333333,23.678127291666662
4,-0.8042546874999997,24.092702916666667,24.896957604166666
5,-8.308461292160187,22.343161458333334,30.651622750493523
6,-2.984463333333333,25.140495416666667,28.12495875
7,-14.416899583333333,21.675951041666668,36.092850625
8,-6.268778333333333,26.98624,33.25501833333333
