site,lower,upper,range
1,0,21.27910007745372,21.27910007745372
2,0,9.334999999999987,9.334999999999987
3,0,23.644649999999977,23.644649999999977
4,0,18.64969999999999,18.64969999999999
5,0,21.437350000000002,21.437350000000002
6,0,17.70975,17.70975
7,0,11.161799999999998,11.161799999999998
8,0,16.064999999999994,16.064999999999994
