site,lower,upper,range
1,0.340066,0.450598,0.11053200000000002
2,0.322795,0.3871825,0.06438749999999999
3,0.346313,0.42867,0.08235700000000001
4,0.345307,0.4383895,0.09308250000000001
5,0.327178,0.4395619999999999,0.11238399999999987
6,0.32395650000000004,0.4308265,0.10686999999999997
7,0.3438965,0.43005249999999995,0.08615599999999995
8,0.32984300000000005,0.42216000000000004,0.09231699999999998
