site,lower,upper,range
1,-10.44020556378106,22.346420833333337,32.7866263971144
2,2.2883916666666666,29.541933333333333,27.253541666666667
3,4.238780416666666,27.891463333333334,23.65268291666667
4,-0.8135399999999999,24.090430416666663,24.903970416666663
5,-8.307582804808243,22.343019270833334,30.65060207564158
6,-2.955867083333333,25.137220104166662,28.093087187499997
7,-14.416109583333332,21.67492291666667,36.091032500000004
8,-6.254120833333333,26.984575,33.23869583333333
