site,lower,upper,range
1,0,21.42839999999998,21.42839999999998
2,0,9.32,9.32
3,0,23.57519999999994,23.57519999999994
4,0,18.59019999999994,18.59019999999994
5,0,21.4372,21.4372
6,0,17.709600000000002,17.709600000000002
7,0,11.1615,11.1615
8,0,16.05674999999999,16.05674999999999
