site,lower,upper,range
1,0.332696,0.456786,0.12409000000000003
2,0.3216575,0.39076,0.06910250000000001
3,0.344429,0.43557049999999997,0.09114149999999999
4,0.34117300000000006,0.4456220000000001,0.10444900000000001
5,0.317722,0.447427,0.12970500000000001
6,0.32265699999999997,0.435065,0.11240800000000001
7,0.343614,0.438484,0.09487000000000001
8,0.329042,0.42773,0.098688
