site,lower,upper,range
1,-10.612748645833332,27.755604479166667,38.368353125
5,-10.612748645833332,27.755604479166667,38.368353125
8,-10.612748645833332,27.755604479166667,38.368353125
2,-10.612748645833332,27.755604479166667,38.368353125
6,-10.612748645833332,27.755604479166667,38.368353125
3,-10.612748645833332,27.755604479166667,38.368353125
7,-10.612748645833332,27.755604479166667,38.368353125
4,-10.612748645833332,27.755604479166667,38.368353125
