site,lower,upper,range
1,-10.6066440625,27.755413229166667,38.362057291666666
5,-10.6066440625,27.755413229166667,38.362057291666666
8,-10.6066440625,27.755413229166667,38.362057291666666
2,-10.6066440625,27.755413229166667,38.362057291666666
6,-10.6066440625,27.755413229166667,38.362057291666666
3,-10.6066440625,27.755413229166667,38.362057291666666
7,-10.6066440625,27.755413229166667,38.362057291666666
4,-10.6066440625,27.755413229166667,38.362057291666666
