site,lower,upper,range
1,0.34014500000000003,0.45061,0.11046499999999998
2,0.32279,0.387185,0.06439499999999998
3,0.346298,0.42877,0.08247199999999999
4,0.345303,0.43841549999999996,0.09311249999999993
5,0.327148,0.43979199999999996,0.11264399999999997
6,0.323954,0.430924,0.10696999999999995
7,0.343894,0.43009,0.086196
8,0.32983550000000006,0.42224449999999997,0.09240899999999991
