site,lower,upper,range
1,-10.443667879530361,22.349662604166667,32.79333048369703
2,2.287572916666667,29.551535416666667,27.263962499999998
3,4.201527291666666,27.896617499999998,23.695090208333333
4,-0.807518125,24.095576562499996,24.903094687499998
5,-8.309046950394816,22.343256250000003,30.65230320039482
6,-3.0035274999999997,25.14267895833333,28.14620645833333
7,-14.41742625,21.676636458333334,36.09406270833333
8,-6.278550000000001,26.98735,33.2659
