site,lower,upper,range
1,0,21.29796672690843,21.29796672690843
2,0,9.344999999999999,9.344999999999999
3,0,23.38895,23.38895
4,0,18.239199999999936,18.239199999999936
5,0,21.437450000000002,21.437450000000002
6,0,17.70985,17.70985
7,0,11.161999999999999,11.161999999999999
8,0,16.07049999999999,16.07049999999999
