site,lower,upper,range
1,0.332939,0.456729,0.12379000000000001
2,0.32166575,0.39076,0.06909425000000002
3,0.34444549999999996,0.4364545,0.09200900000000006
4,0.34123600000000004,0.44536399999999987,0.10412799999999983
5,0.3178485,0.44737475,0.12952625
6,0.32265975,0.43510424999999997,0.11244449999999995
7,0.3436195,0.43847575,0.09485624999999998
8,0.32905,0.42768724999999996,0.09863724999999995
