site,lower,upper,range
1,-10.559167941681228,27.750434166666665,38.30960210834789
5,-10.559167941681228,27.750434166666665,38.30960210834789
8,-10.559167941681228,27.750434166666665,38.30960210834789
2,-10.559167941681228,27.750434166666665,38.30960210834789
6,-10.559167941681228,27.750434166666665,38.30960210834789
3,-10.559167941681228,27.750434166666665,38.30960210834789
7,-10.559167941681228,27.750434166666665,38.30960210834789
4,-10.559167941681228,27.750434166666665,38.30960210834789
