site,lower,upper,range
1,0,27.847967132463225,27.847967132463225
3,0,27.847967132463225,27.847967132463225
6,0,27.847967132463225,27.847967132463225
8,0,27.847967132463225,27.847967132463225
5,0,27.847967132463225,27.847967132463225
7,0,27.847967132463225,27.847967132463225
2,0,27.847967132463225,27.847967132463225
4,0,27.847967132463225,27.847967132463225
