site,lower,upper,range
1,0.3399715,0.45068299999999994,0.11071149999999996
2,0.32277500000000003,0.38719,0.06441499999999994
3,0.34628,0.429002,0.08272200000000002
4,0.3452235,0.43859099999999995,0.09336749999999994
5,0.3270805,0.4398379999999999,0.1127574999999999
6,0.32394350000000005,0.4311385,0.10719499999999993
7,0.343894,0.430342,0.08644800000000002
8,0.32980200000000004,0.42262199999999994,0.0928199999999999
