site,lower,upper,range
1,-10.443667879530361,22.382818124999996,32.82648600453036
2,2.28433125,29.577834375000002,27.293503125
3,4.142776770833333,27.905822604166666,23.763045833333333
4,-0.8177491666666665,24.13691395833333,24.954663124999996
5,-8.315723333333334,22.350664166666668,30.666387500000003
6,-3.0277929166666664,25.153373124999998,28.181166041666664
7,-14.440655416666667,21.7091978125,36.149853229166666
8,-6.368832291666666,26.997795312499996,33.36662760416666
