site,lower,upper,range
1,0,21.46864999999998,21.46864999999998
2,0,9.0925,9.0925
3,0,23.38895,23.38895
4,0,17.939499999999963,17.939499999999963
5,0,21.43935,21.43935
6,0,17.71,17.71
7,0,11.16,11.16
8,0,15.746399999999827,15.746399999999827
