site,lower,upper,range
1,0.33983,0.4506975,0.11086749999999995
2,0.3230415,0.38739399999999996,0.06435249999999998
3,0.34628,0.4292495,0.08296950000000003
4,0.345086,0.438893,0.09380699999999997
5,0.32698999999999995,0.440364,0.11337400000000003
6,0.323902,0.4311795,0.10727749999999997
7,0.343912,0.430546,0.08663399999999999
8,0.33,0.422694,0.092694
