site,lower,upper,range
1,-9.947114583333327,22.414932083333326,32.36204666666666
2,2.4693612499999995,29.611164062500002,27.141802812500003
3,4.584789583333333,27.93048125,23.345691666666667
4,-0.8359725,24.17223583333333,25.00820833333333
5,-8.271725729166668,22.394949166666667,30.666674895833335
6,-2.441036799080124,25.215419270833333,27.656456069913457
7,-14.156240833333333,21.759520833333333,35.91576166666667
8,-5.871073333333333,27.0091125,32.880185833333336
