site,lower,upper,range
1,-9.695931666666667,22.414932083333326,32.11086374999999
2,2.4693612499999995,29.611164062500002,27.141802812500003
3,4.685235416666667,27.93048125,23.245245833333332
4,-0.6255270833333333,24.17223583333333,24.797762916666663
5,-8.275603414365706,22.394949166666667,30.670552581032375
6,-2.758167744495017,25.215419270833333,27.97358701532835
7,-14.233098333333334,21.759520833333333,35.99261916666667
8,-5.871073333333333,27.0091125,32.880185833333336
