site,lower,upper,range
1,0,21.364,21.364
2,0.02,9.134999999999986,9.114999999999986
3,0,23.387,23.387
4,0,17.7805,17.7805
5,0,21.4404,21.4404
6,0,17.71,17.71
7,0,11.16,11.16
8,0,16.032,16.032
