site,lower,upper,range
1,0.332666,0.456786,0.12412000000000001
2,0.32165975,0.39076,0.06910024999999997
3,0.3444335,0.43615275,0.09171924999999997
4,0.341194,0.44553599999999993,0.10434199999999993
5,0.3177565,0.44741274999999997,0.12965624999999997
6,0.32265774999999997,0.43506124999999995,0.11240349999999999
7,0.3436155,0.43848175,0.09486624999999999
8,0.32905,0.42771,0.09865999999999997
