site,lower,upper,range
1,-10.594434895833334,27.755030729166666,38.349465625
5,-10.594434895833334,27.755030729166666,38.349465625
8,-10.594434895833334,27.755030729166666,38.349465625
2,-10.594434895833334,27.755030729166666,38.349465625
6,-10.594434895833334,27.755030729166666,38.349465625
3,-10.594434895833334,27.755030729166666,38.349465625
7,-10.594434895833334,27.755030729166666,38.349465625
4,-10.594434895833334,27.755030729166666,38.349465625
