site,lower,upper,range
1,0.33304625,0.45656375,0.1235175
2,0.32167850000000003,0.390881,0.06920249999999994
3,0.34449199999999996,0.43630649999999993,0.09181449999999997
4,0.34132975,0.44616925,0.10483950000000003
5,0.31856,0.44737,0.12880999999999998
6,0.322688,0.436672,0.11398400000000003
7,0.343628,0.438463,0.094835
8,0.32905,0.42778499999999997,0.09873499999999996
