site,lower,upper,range
1,-10.511784375,27.771709895833336,38.28349427083334
5,-10.511784375,27.771709895833336,38.28349427083334
8,-10.511784375,27.771709895833336,38.28349427083334
2,-10.511784375,27.771709895833336,38.28349427083334
6,-10.511784375,27.771709895833336,38.28349427083334
3,-10.511784375,27.771709895833336,38.28349427083334
7,-10.511784375,27.771709895833336,38.28349427083334
4,-10.511784375,27.771709895833336,38.28349427083334
