site,lower,upper,range
1,0,27.731949999999927,27.731949999999927
3,0,27.731949999999927,27.731949999999927
6,0,27.731949999999927,27.731949999999927
8,0,27.731949999999927,27.731949999999927
5,0,27.731949999999927,27.731949999999927
7,0,27.731949999999927,27.731949999999927
2,0,27.731949999999927,27.731949999999927
4,0,27.731949999999927,27.731949999999927
