site,lower,upper,range
1,0.340042,0.45068600000000003,0.11064400000000002
2,0.3227745,0.38719,0.06441549999999996
3,0.34628,0.42901,0.08273000000000003
4,0.345214,0.438604,0.09338999999999997
5,0.3270805,0.440225,0.11314449999999998
6,0.32394350000000005,0.4311385,0.10719499999999993
7,0.34389349999999996,0.430358,0.08646450000000006
8,0.32980200000000004,0.42262199999999994,0.0928199999999999
