site,lower,upper,range
1,0.33304125,0.4566087499999999,0.12356749999999989
2,0.3216755,0.39090299999999994,0.06922749999999994
3,0.34448,0.4363475,0.09186749999999999
4,0.34130425000000003,0.44614225,0.10483799999999999
5,0.318385,0.44737,0.12898500000000002
6,0.322681,0.43668399999999996,0.11400299999999997
7,0.343626,0.438466,0.09484000000000004
8,0.32905,0.427645,0.09859499999999999
