site,lower,upper,range
1,-10.524569270833334,27.741720208333334,38.266289479166666
5,-10.524569270833334,27.741720208333334,38.266289479166666
8,-10.524569270833334,27.741720208333334,38.266289479166666
2,-10.524569270833334,27.741720208333334,38.266289479166666
6,-10.524569270833334,27.741720208333334,38.266289479166666
3,-10.524569270833334,27.741720208333334,38.266289479166666
7,-10.524569270833334,27.741720208333334,38.266289479166666
4,-10.524569270833334,27.741720208333334,38.266289479166666
