site,lower,upper,range
1,0,27.57872499999992,27.57872499999992
3,0,27.57872499999992,27.57872499999992
6,0,27.57872499999992,27.57872499999992
8,0,27.57872499999992,27.57872499999992
5,0,27.57872499999992,27.57872499999992
7,0,27.57872499999992,27.57872499999992
2,0,27.57872499999992,27.57872499999992
4,0,27.57872499999992,27.57872499999992
