site,lower,upper,range
1,0.339919,0.450699,0.11077999999999999
2,0.322762,0.38723799999999997,0.06447599999999998
3,0.34627600000000003,0.42912599999999995,0.08284999999999992
4,0.34509900000000004,0.4387695,0.09367049999999993
5,0.327055,0.44027949999999993,0.11322449999999995
6,0.323928,0.43117300000000003,0.10724500000000003
7,0.34389,0.43049400000000004,0.08660400000000007
8,0.329778,0.422658,0.09287999999999996
