site,lower,upper,range
1,-10.339545833333334,22.395876041666664,32.735421875
2,2.260212916666667,29.59110208333334,27.330889166666672
3,4.1336301041666665,27.915149375,23.781519270833332
4,-0.8541958333333334,24.152742708333335,25.006938541666667
5,-8.313556458333334,22.367855,30.681411458333333
6,-3.037850833333333,25.188458749999995,28.22630958333333
7,-14.49765125,21.747224999999997,36.24487625
8,-6.416417708333333,27.0037321875,33.42014989583333
