site,lower,upper,range
1,0,21.702449999999953,21.702449999999953
2,0,9.187500000000007,9.187500000000007
3,0,23.55204999999996,23.55204999999996
4,0,17.662,17.662
5,0,21.50609999999994,21.50609999999994
6,0,17.71,17.71
7,0,11.072400000000012,11.072400000000012
8,0,16.032,16.032
