site,lower,upper,range
1,0.33987,0.45072,0.11085
2,0.323041,0.3874059999999999,0.0643649999999999
3,0.34628,0.429259,0.08297900000000002
4,0.345085,0.43890250000000003,0.09381750000000005
5,0.32698499999999997,0.4403705,0.11338550000000003
6,0.3239,0.43118,0.10727999999999999
7,0.34395,0.43055,0.08660000000000001
8,0.33,0.422702,0.092702
