site,lower,upper,range
1,-9.623551354166668,22.416731145833335,32.040282500000004
2,2.494824375,29.612707291666666,27.117882916666666
3,4.680752916666667,27.93077177083333,23.250018854166665
4,-0.6283270833333331,24.173965833333334,24.802292916666666
5,-8.28015,22.397033333333333,30.677183333333332
6,-2.7610654600606868,25.216259375,27.977324835060685
7,-14.156674375000001,21.760466666666666,35.91714104166667
8,-5.8489373958333335,27.009525520833332,32.85846291666667
