site,lower,upper,range
1,-9.703986794223567,22.416731145833335,32.120717940056906
2,2.494824375,29.612707291666666,27.117882916666666
3,4.582051666666667,27.93077177083333,23.348720104166667
4,-0.8385758333333331,24.173965833333334,25.012541666666667
5,-8.111664583333333,22.397033333333333,30.508697916666666
6,-2.443115179141449,25.216259375,27.65937455414145
7,-14.109292517649328,21.760466666666666,35.869759184315996
8,-5.8489373958333335,27.009525520833332,32.85846291666667
