site,lower,upper,range
1,0,21.372049999999994,21.372049999999994
2,0.02,9.142499999999979,9.12249999999998
3,0,23.387150000000002,23.387150000000002
4,0,17.79234999999999,17.79234999999999
5,0,21.440549999999998,21.440549999999998
6,0,17.71,17.71
7,0,11.16,11.16
8,0,16.032,16.032
