site,lower,upper,range
1,0.33303499999999997,0.45666499999999993,0.12362999999999996
2,0.32167175000000003,0.39093049999999996,0.06925874999999992
3,0.34446499999999997,0.43639875000000006,0.09193375000000009
4,0.34127275,0.446099,0.10482625000000001
5,0.31816625,0.44737,0.12920375
6,0.32267225,0.43644425000000003,0.11377200000000004
7,0.3436235,0.43846975,0.09484624999999997
8,0.32905,0.427658,0.09860799999999997
