site,lower,upper,range
1,-10.530223336906843,27.756238020833333,38.28646135774018
5,-10.530223336906843,27.756238020833333,38.28646135774018
8,-10.530223336906843,27.756238020833333,38.28646135774018
2,-10.530223336906843,27.756238020833333,38.28646135774018
6,-10.530223336906843,27.756238020833333,38.28646135774018
3,-10.530223336906843,27.756238020833333,38.28646135774018
7,-10.530223336906843,27.756238020833333,38.28646135774018
4,-10.530223336906843,27.756238020833333,38.28646135774018
