site,lower,upper,range
1,0,27.826324999999997,27.826324999999997
3,0,27.826324999999997,27.826324999999997
6,0,27.826324999999997,27.826324999999997
8,0,27.826324999999997,27.826324999999997
5,0,27.826324999999997,27.826324999999997
7,0,27.826324999999997,27.826324999999997
2,0,27.826324999999997,27.826324999999997
4,0,27.826324999999997,27.826324999999997
