site,lower,upper,range
1,0.33988399999999996,0.450714,0.11083000000000004
2,0.322867,0.387358,0.06449099999999997
3,0.346286,0.42922099999999996,0.08293499999999998
4,0.345089,0.4388645,0.09377550000000001
5,0.327005,0.4403445,0.11333950000000004
6,0.323908,0.43117799999999995,0.10726999999999998
7,0.34390200000000004,0.43053400000000003,0.08663199999999999
8,0.3299525,0.42268999999999995,0.09273749999999997
