site,lower,upper,range
1,-10.308866145833333,22.409534895833332,32.71840104166667
2,2.412136719708202,29.606534375000003,27.1943976552918
3,4.538245000000001,27.926943124999994,23.388698124999994
4,-0.8281625,24.167045833333333,24.995208333333334
5,-8.307600416666666,22.388696666666664,30.69629708333333
6,-2.7494745977980064,25.212898958333334,27.96237355613134
7,-14.282308125,21.75668333333333,36.03899145833333
8,-6.059666770833333,27.007873437500002,33.067540208333334
