site,lower,upper,range
1,-10.267306770833333,22.409534895833332,32.67684166666666
2,2.3901957965416107,29.606534375000003,27.21633857845839
3,4.609032916666667,27.926943124999994,23.317910208333327
4,-0.6171270833333333,24.167045833333333,24.784172916666666
5,-8.307600416666666,22.388696666666664,30.69629708333333
6,-2.8510141666666655,25.212898958333334,28.063913125
7,-14.370790729166664,21.75668333333333,36.1274740625
8,-6.059666770833333,27.007873437500002,33.067540208333334
