site,lower,upper,range
1,0,21.326049999999977,21.326049999999977
2,0.02,9.115500000000003,9.095500000000003
3,0,23.38955,23.38955
4,0,17.744949999999978,17.744949999999978
5,0,21.43995,21.43995
6,0,17.71,17.71
7,0,11.16,11.16
8,0,15.93679999999987,15.93679999999987
