site,lower,upper,range
1,0.34005399999999997,0.45062199999999997,0.110568
2,0.322791,0.3871845,0.06439349999999999
3,0.34630099999999997,0.42874999999999996,0.082449
4,0.345303,0.43841549999999996,0.09311249999999993
5,0.327154,0.43974599999999997,0.11259199999999997
6,0.32395450000000003,0.4309045,0.10694999999999999
7,0.3438945,0.4300825,0.08618799999999999
8,0.32983700000000005,0.42222299999999996,0.09238599999999991
