site,lower,upper,range
1,-10.442732197751258,22.347966666666668,32.79069886441793
2,2.2877366666666665,29.549615000000003,27.261878333333335
3,4.208977916666667,27.895586666666667,23.686608749999998
4,-0.8071166666666667,24.093460416666666,24.90057708333333
5,-8.308754121277502,22.34320885416667,30.65196297544417
6,-2.9939954166666656,25.141587187499997,28.135582604166665
7,-14.417162916666665,21.67629375,36.09345666666667
8,-6.273664166666666,26.986795,33.260459166666664
