site,lower,upper,range
1,0,21.288533402181073,21.288533402181073
2,0,9.340000000000003,9.340000000000003
3,0,23.3888,23.3888
4,0,18.21579999999996,18.21579999999996
5,0,21.437400000000004,21.437400000000004
6,0,17.7098,17.7098
7,0,11.1619,11.1619
8,0,16.06774999999999,16.06774999999999
