site,lower,upper,range
1,0.3330375,0.45664249999999995,0.12360499999999996
2,0.32167325,0.3909195,0.06924624999999995
3,0.34447099999999997,0.43637824999999997,0.09190725
4,0.3412885,0.446096,0.1048075
5,0.31825375,0.44737,0.12911625
6,0.32267575000000004,0.43639974999999986,0.11372399999999983
7,0.3436245,0.43846825,0.09484375
8,0.32905,0.42765475,0.09860474999999996
