site,lower,upper,range
1,-10.527275520833333,27.756444270833335,38.28371979166667
5,-10.527275520833333,27.756444270833335,38.28371979166667
8,-10.527275520833333,27.756444270833335,38.28371979166667
2,-10.527275520833333,27.756444270833335,38.28371979166667
6,-10.527275520833333,27.756444270833335,38.28371979166667
3,-10.527275520833333,27.756444270833335,38.28371979166667
7,-10.527275520833333,27.756444270833335,38.28371979166667
4,-10.527275520833333,27.756444270833335,38.28371979166667
