site,lower,upper,range
1,0,27.622524999999946,27.622524999999946
3,0,27.622524999999946,27.622524999999946
6,0,27.622524999999946,27.622524999999946
8,0,27.622524999999946,27.622524999999946
5,0,27.622524999999946,27.622524999999946
7,0,27.622524999999946,27.622524999999946
2,0,27.622524999999946,27.622524999999946
4,0,27.622524999999946,27.622524999999946
