site,lower,upper,range
1,0.33277975,0.4567622499999999,0.12398249999999994
2,0.32165900000000003,0.39076,0.06910099999999997
3,0.34443199999999996,0.43616299999999997,0.09173100000000001
4,0.34118875000000004,0.44555750000000005,0.10436875000000001
5,0.31774499999999994,0.44741749999999997,0.12967250000000002
6,0.32265750000000004,0.4350625,0.11240499999999998
7,0.343615,0.4384825,0.0948675
8,0.329048,0.427715,0.098667
