site,lower,upper,range
1,-10.600539479166667,27.755221979166663,38.35576145833333
5,-10.600539479166667,27.755221979166663,38.35576145833333
8,-10.600539479166667,27.755221979166663,38.35576145833333
2,-10.600539479166667,27.755221979166663,38.35576145833333
6,-10.600539479166667,27.755221979166663,38.35576145833333
3,-10.600539479166667,27.755221979166663,38.35576145833333
7,-10.600539479166667,27.755221979166663,38.35576145833333
4,-10.600539479166667,27.755221979166663,38.35576145833333
