site,lower,upper,range
1,0,27.88572500000003,27.88572500000003
3,0,27.88572500000003,27.88572500000003
6,0,27.88572500000003,27.88572500000003
8,0,27.88572500000003,27.88572500000003
5,0,27.88572500000003,27.88572500000003
7,0,27.88572500000003,27.88572500000003
2,0,27.88572500000003,27.88572500000003
4,0,27.88572500000003,27.88572500000003
