site,lower,upper,range
1,0.33303249999999995,0.4566875,0.12365500000000007
2,0.32167025000000005,0.3909415,0.06927124999999995
3,0.34445899999999996,0.43641925000000004,0.09196025000000008
4,0.34126225,0.44610099999999997,0.10483874999999998
5,0.31807874999999997,0.44737,0.12929125000000002
6,0.32266875,0.4357075,0.11303875000000002
7,0.34362250000000005,0.43847125,0.09484874999999993
8,0.32905,0.4276645,0.0986145
