site,lower,upper,range
1,-10.541176698828245,27.741981875,38.283158573828246
5,-10.541176698828245,27.741981875,38.283158573828246
8,-10.541176698828245,27.741981875,38.283158573828246
2,-10.541176698828245,27.741981875,38.283158573828246
6,-10.541176698828245,27.741981875,38.283158573828246
3,-10.541176698828245,27.741981875,38.283158573828246
7,-10.541176698828245,27.741981875,38.283158573828246
4,-10.541176698828245,27.741981875,38.283158573828246
