site,lower,upper,range
1,0.33987700000000004,0.450688,0.11081099999999994
2,0.32277500000000003,0.38731,0.06453499999999995
3,0.34628,0.42918300000000004,0.08290300000000006
4,0.34509300000000004,0.4388265,0.09373349999999997
5,0.327025,0.44031849999999995,0.11329349999999994
6,0.32391600000000004,0.431176,0.10725999999999997
7,0.34389,0.43051799999999996,0.08662799999999998
8,0.3298065,0.422674,0.09286749999999999
