site,lower,upper,range
1,-10.339248333333334,22.402338645833332,32.74158697916667
2,2.309188541666667,29.600361458333335,27.291172916666667
3,4.335728958333334,27.922225624999996,23.586496666666662
4,-0.8177491666666665,24.160125833333332,24.977874999999997
5,-8.303811249999999,22.380359999999996,30.684171249999995
6,-2.8289183477980067,25.205528749999992,28.034447097797997
7,-14.56194125,21.7529,36.31484125
8,-6.278550000000001,27.00622135416667,33.28477135416667
