site,lower,upper,range
1,-10.300769895833334,22.402338645833332,32.703108541666666
2,2.287572916666667,29.600361458333335,27.31278854166667
3,4.4183746875,27.922225624999996,23.503850937499998
4,-0.6059270833333331,24.160125833333332,24.766052916666666
5,-8.303811249999999,22.380359999999996,30.684171249999995
6,-3.0277929166666664,25.205528749999992,28.233321666666658
7,-14.777847187499999,21.7529,36.5307471875
8,-6.278550000000001,27.00622135416667,33.28477135416667
