site,lower,upper,range
1,0,21.854549999999932,21.854549999999932
2,0.004166666576566058,9.2325,9.228333333423434
3,0,23.690949999999937,23.690949999999937
4,0,17.662,17.662
5,0,21.63630000000002,21.63630000000002
6,0,17.71,17.71
7,0,11.16,11.16
8,0,16.032,16.032
