site,lower,upper,range
1,0,21.275449999999967,21.275449999999967
2,0.02,9.0975,9.0775
3,0,23.38895,23.38895
4,0,17.697549999999968,17.697549999999968
5,0,21.63630000000002,21.63630000000002
6,0,17.71,17.71
7,0,11.16,11.16
8,0,15.746400000000044,15.746400000000044
