site,lower,upper,range
1,0.33989100000000005,0.450711,0.11081999999999992
2,0.322812,0.38733399999999996,0.06452199999999997
3,0.346292,0.429202,0.08290999999999998
4,0.34509100000000004,0.4388455,0.09375449999999996
5,0.327015,0.4403315,0.11331649999999999
6,0.323912,0.43117700000000003,0.10726500000000005
7,0.34389,0.43052599999999996,0.08663599999999999
8,0.32983550000000006,0.422682,0.09284649999999994
