site,lower,upper,range
1,-10.263114895833333,22.40593677083333,32.66905166666666
2,2.3110891666666666,29.603447916666667,27.292358750000002
3,4.543720833333333,27.924584375,23.380863541666663
4,-0.6115270833333333,24.16358583333333,24.77511291666666
5,-8.305705833333334,22.384528333333336,30.69023416666667
6,-3.0225916666666666,25.21121875,28.233810416666667
7,-14.44517375,21.754791666666666,36.199965416666664
8,-6.166943645833333,27.007047395833332,33.17399104166667
