site,lower,upper,range
1,-10.304818020833334,22.40593677083333,32.71075479166666
2,2.3748215068727037,29.603447916666667,27.228626409793964
3,4.445686886941239,27.924584375,23.47889748805876
4,-0.8229558333333333,24.16358583333333,24.98654166666666
5,-8.305705833333334,22.384528333333336,30.69023416666667
6,-2.801633477980068,25.21121875,28.01285222798007
7,-14.417952916666668,21.754791666666666,36.17274458333333
8,-6.166943645833333,27.007047395833332,33.17399104166667
