site,lower,upper,range
1,0,21.30075,21.30075
2,0.02,9.106499999999992,9.086499999999992
3,0,23.38925,23.38925
4,0,17.721249999999998,17.721249999999998
5,0,21.43965,21.43965
6,0,17.71,17.71
7,0,11.16,11.16
8,0,15.841599999999957,15.841599999999957
