site,lower,upper,range
1,0,21.905250000000002,21.905250000000002
2,0.0038333332504407926,9.247499999999986,9.243666666749546
3,0,23.73725,23.73725
4,0,17.662,17.662
5,0,21.43965,21.43965
6,0,17.71,17.71
7,0,11.16,11.16
8,0,16.032,16.032
