site,lower,upper,range
1,0.339912,0.45070200000000005,0.11079000000000006
2,0.322758,0.38726199999999994,0.06450399999999995
3,0.346275,0.429145,0.08287
4,0.345097,0.43878849999999997,0.09369149999999998
5,0.32704500000000003,0.44029250000000003,0.1132475
6,0.323924,0.431174,0.10725000000000001
7,0.34389,0.430502,0.08661200000000002
8,0.329774,0.422664,0.09288999999999997
