site,lower,upper,range
1,-10.333154895833335,22.397741458333332,32.73089635416667
2,2.164483125,29.594188541666668,27.429705416666668
3,4.144806354166667,27.917508125,23.772701770833336
4,-0.6507270833333331,24.15500395833333,24.805731041666665
5,-8.31427875,22.37202333333333,30.68630208333333
6,-3.086965833333333,25.194148750000004,28.281114583333338
7,-14.7342734375,21.749116666666666,36.483390104166666
8,-6.421495416666667,27.004569270833333,33.4260646875
