site,lower,upper,range
1,-10.339588333333333,22.397741458333332,32.73732979166667
2,2.2489558333333335,29.594188541666668,27.345232708333334
3,4.1320315625,27.917508125,23.7854765625
4,-0.8594024999999998,24.15500395833333,25.014406458333333
5,-8.31427875,22.37202333333333,30.68630208333333
6,-3.0394308333333333,25.194148750000004,28.233579583333338
7,-14.51908125,21.749116666666666,36.268197916666665
8,-6.421495416666667,27.004569270833333,33.4260646875
