site,lower,upper,range
1,0,21.753150000000023,21.753150000000023
2,0,9.202499999999993,9.202499999999993
3,0,23.598350000000025,23.598350000000025
4,0,17.662,17.662
5,0,21.5495,21.5495
6,0,17.71,17.71
7,0,11.101599999999987,11.101599999999987
8,0,16.032,16.032
