site,lower,upper,range
1,0,21.22485000000001,21.22485000000001
2,0.02,9.079499999999996,9.059499999999996
3,0,23.38835,23.38835
4,0,17.887150000000013,17.887150000000013
5,0,21.5495,21.5495
6,0,17.71,17.71
7,0,11.101599999999987,11.101599999999987
8,0,15.556000000000001,15.556000000000001
