site,lower,upper,range
1,0.3400255,0.45067100000000004,0.11064550000000006
2,0.322782,0.387189,0.06440699999999999
3,0.34628,0.428906,0.08262600000000003
4,0.345294,0.43847400000000003,0.09318000000000004
5,0.3271,0.44016,0.11306
6,0.32395,0.43108,0.10713
7,0.34389949999999997,0.430166,0.08626650000000002
8,0.32982350000000005,0.4224165,0.09259299999999993
