site,lower,upper,range
1,-10.451153333763191,22.363230104166668,32.81438343792986
2,2.286262916666667,29.566898749999996,27.280635833333328
3,4.148865520833334,27.90398635416667,23.755120833333336
4,-0.8107297916666667,24.112505729166667,24.923235520833334
5,-8.311389583333334,22.343635416666668,30.655025000000002
6,-3.024325416666666,25.147699375000002,28.17202479166667
7,-14.419532916666666,21.679378125,36.09891104166667
8,-6.317636666666666,26.991789999999995,33.30942666666666
