site,lower,upper,range
1,0,21.372049999999994,21.372049999999994
2,0,9.142499999999979,9.142499999999979
3,0,23.41314999999998,23.41314999999998
4,0,18.06040013143699,18.06040013143699
5,0,21.437850000000005,21.437850000000005
6,0,17.71,17.71
7,0,11.1608,11.1608
8,0,16.037499999999994,16.037499999999994
