site,lower,upper,range
1,0.33303875,0.45663125000000004,0.12359250000000005
2,0.321674,0.390914,0.06923999999999997
3,0.344474,0.436368,0.09189399999999998
4,0.34129375,0.44613125,0.10483749999999997
5,0.31829749999999996,0.44737,0.12907250000000003
6,0.3226775,0.43669,0.11401250000000002
7,0.34362499999999996,0.4384675,0.09484250000000005
8,0.32905,0.42765149999999996,0.09860149999999995
