site,lower,upper,range
1,-10.5263734375,27.75637552083333,38.28274895833333
5,-10.5263734375,27.75637552083333,38.28274895833333
8,-10.5263734375,27.75637552083333,38.28274895833333
2,-10.5263734375,27.75637552083333,38.28274895833333
6,-10.5263734375,27.75637552083333,38.28274895833333
3,-10.5263734375,27.75637552083333,38.28274895833333
7,-10.5263734375,27.75637552083333,38.28274895833333
4,-10.5263734375,27.75637552083333,38.28274895833333
