site,lower,upper,range
1,0,27.771550000000072,27.771550000000072
3,0,27.771550000000072,27.771550000000072
6,0,27.771550000000072,27.771550000000072
8,0,27.771550000000072,27.771550000000072
5,0,27.771550000000072,27.771550000000072
7,0,27.771550000000072,27.771550000000072
2,0,27.771550000000072,27.771550000000072
4,0,27.771550000000072,27.771550000000072
