site,lower,upper,range
1,0.3401285,0.450628,0.11049949999999997
2,0.322787,0.3871865,0.0643995
3,0.34628899999999996,0.42882999999999993,0.08254099999999998
4,0.3453,0.438435,0.09313500000000002
5,0.32713000000000003,0.43993,0.11279999999999996
6,0.32395250000000003,0.4309825,0.10702999999999996
7,0.34389249999999993,0.43011249999999995,0.08622000000000002
8,0.329831,0.422309,0.092478
