site,lower,upper,range
1,-10.446474924867672,22.354750416666672,32.80122534153435
2,2.2870816666666665,29.557296666666662,27.270214999999997
3,4.179175416666667,27.89971,23.720534583333333
4,-0.8087225,24.101925,24.910647500000003
5,-8.30992543774676,22.3433984375,30.65332387524676
6,-3.022880625,25.1453353125,28.168215937499998
7,-14.41821625,21.677664583333332,36.09588083333333
8,-6.293207499999999,26.989014999999995,33.282222499999996
