site,lower,upper,range
1,0,21.31339999999999,21.31339999999999
2,0,9.359999999999985,9.359999999999985
3,0,23.389400000000002,23.389400000000002
4,0,18.30939999999998,18.30939999999998
5,0,21.437600000000003,21.437600000000003
6,0,17.71,17.71
7,0,11.1623,11.1623
8,0,16.078749999999992,16.078749999999992
