site,lower,upper,range
1,0.3398735,0.45068899999999995,0.11081549999999996
2,0.32277100000000003,0.38719,0.06441899999999995
3,0.34627899999999995,0.4290689999999999,0.08278999999999997
4,0.34514750000000005,0.43869499999999995,0.0935474999999999
5,0.32707450000000005,0.440245,0.11317049999999995
6,0.32394,0.43117,0.10722999999999999
7,0.34389,0.43047,0.08658000000000005
8,0.32978799999999997,0.422643,0.09285500000000002
