site,lower,upper,range
1,-10.340569895833333,22.390279791666668,32.7308496875
2,2.283047916666667,29.583510208333333,27.300462291666665
3,4.138425729166666,27.908073124999998,23.76964739583333
4,-0.8385758333333331,24.145958958333335,24.98453479166667
5,-8.311389583333334,22.35535,30.666739583333335
6,-3.033110833333333,25.17138875,28.20449958333333
7,-14.45872875,21.734790312499992,36.193519062499995
8,-6.396023958333333,27.0011878125,33.39721177083333
