site,lower,upper,range
1,0.33304374999999997,0.45658624999999997,0.1235425
2,0.32167700000000005,0.39089199999999996,0.06921499999999992
3,0.34448599999999996,0.436327,0.09184100000000006
4,0.34131475,0.44614075,0.10482599999999997
5,0.3184725,0.44737,0.1288975
6,0.32268450000000004,0.436678,0.11399349999999997
7,0.343627,0.43846450000000003,0.09483750000000002
8,0.32905,0.42763850000000003,0.09858850000000002
