site,lower,upper,range
1,-10.518482708333332,27.750434166666665,38.268916874999995
5,-10.518482708333332,27.750434166666665,38.268916874999995
8,-10.518482708333332,27.750434166666665,38.268916874999995
2,-10.518482708333332,27.750434166666665,38.268916874999995
6,-10.518482708333332,27.750434166666665,38.268916874999995
3,-10.518482708333332,27.750434166666665,38.268916874999995
7,-10.518482708333332,27.750434166666665,38.268916874999995
4,-10.518482708333332,27.750434166666665,38.268916874999995
