site,lower,upper,range
1,0,27.811149999999856,27.811149999999856
3,0,27.811149999999856,27.811149999999856
6,0,27.811149999999856,27.811149999999856
8,0,27.811149999999856,27.811149999999856
5,0,27.811149999999856,27.811149999999856
7,0,27.811149999999856,27.811149999999856
2,0,27.811149999999856,27.811149999999856
4,0,27.811149999999856,27.811149999999856
