site,lower,upper,range
1,0.340033,0.450664,0.11063100000000003
2,0.32278399999999996,0.387188,0.06440400000000002
3,0.34628,0.42889,0.08261000000000002
4,0.345296,0.438461,0.093165
5,0.327112,0.44006799999999985,0.11295599999999983
6,0.323951,0.43104099999999995,0.10708999999999996
7,0.3439005,0.4301425,0.08624199999999999
8,0.3298265,0.42237349999999996,0.09254699999999993
