site,lower,upper,range
1,-10.449281970204984,22.359838229166662,32.80912019937165
2,2.286590416666667,29.563057916666665,27.2764675
3,4.156823541666668,27.902802500000004,23.745978958333335
4,-0.8099268749999999,24.108273437499996,24.918200312499994
5,-8.310803925098705,22.343540625000003,30.654344550098706
6,-3.0237475,25.146753750000002,28.17050125
7,-14.41900625,21.678692708333333,36.09769895833333
8,-6.307865,26.990679999999998,33.298545
