site,lower,upper,range
1,0,21.351349999999954,21.351349999999954
2,0,9.274999999999995,9.274999999999995
3,0,23.38985,23.38985
4,0,18.0362668273119,18.0362668273119
5,0,21.43775,21.43775
6,0,17.71,17.71
7,0,11.160599999999999,11.160599999999999
8,0,16.087,16.087
