site,lower,upper,range
1,0.339967,0.450684,0.11071699999999995
2,0.322774,0.38719,0.06441599999999997
3,0.34628,0.429018,0.08273800000000003
4,0.34519500000000003,0.43862999999999996,0.09343499999999993
5,0.327079,0.44023,0.113151
6,0.323943,0.431143,0.10720000000000002
7,0.343893,0.43037400000000003,0.08648100000000003
8,0.329798,0.422628,0.09283000000000002
