site,lower,upper,range
1,-10.445539243088568,22.38468354166666,32.83022278475523
2,2.284010416666667,29.579253333333334,27.295242916666666
3,4.141761979166667,27.906128645833334,23.764366666666668
4,-0.8229558333333333,24.13917520833333,24.962131041666666
5,-8.316445625,22.351835625000003,30.668281250000003
6,-3.0283708333333332,25.15431875,28.182689583333335
7,-14.44517375,21.715595937499998,36.1607696875
8,-6.375630208333334,26.9986434375,33.374273645833334
