site,lower,upper,range
1,0,21.48475,21.48475
2,0,9.10349999999999,9.10349999999999
3,0,23.38925,23.38925
4,0,17.9665,17.9665
5,0,21.43965,21.43965
6,0,17.71,17.71
7,0,11.1602,11.1602
8,0,15.841599999999957,15.841599999999957
