site,lower,upper,range
1,0.33304,0.45661999999999997,0.12357999999999997
2,0.32167475,0.3909085,0.06923374999999998
3,0.34447700000000003,0.43635775,0.09188074999999996
4,0.341299,0.446143,0.10484399999999999
5,0.31834125,0.44737,0.12902874999999997
6,0.32267925000000003,0.436687,0.11400774999999996
7,0.34362550000000003,0.43846675,0.09484124999999999
8,0.32905,0.42764825,0.09859825
