site,lower,upper,range
1,-10.525471354166667,27.755030729166666,38.28050208333333
5,-10.525471354166667,27.755030729166666,38.28050208333333
8,-10.525471354166667,27.755030729166666,38.28050208333333
2,-10.525471354166667,27.755030729166666,38.28050208333333
6,-10.525471354166667,27.755030729166666,38.28050208333333
3,-10.525471354166667,27.755030729166666,38.28050208333333
7,-10.525471354166667,27.755030729166666,38.28050208333333
4,-10.525471354166667,27.755030729166666,38.28050208333333
