site,lower,upper,range
1,0,27.59332499999997,27.59332499999997
3,0,27.59332499999997,27.59332499999997
6,0,27.59332499999997,27.59332499999997
8,0,27.59332499999997,27.59332499999997
5,0,27.59332499999997,27.59332499999997
7,0,27.59332499999997,27.59332499999997
2,0,27.59332499999997,27.59332499999997
4,0,27.59332499999997,27.59332499999997
