site,lower,upper,range
1,0.340075,0.45058,0.11050499999999996
2,0.32279800000000003,0.387181,0.06438299999999997
3,0.34632199999999996,0.42861,0.08228800000000003
4,0.34531,0.438336,0.093026
5,0.32719,0.4391125,0.11192250000000004
6,0.3239580000000001,0.43076799999999993,0.10680999999999985
7,0.34389749999999997,0.42998499999999995,0.08608749999999998
8,0.32984600000000003,0.42213999999999996,0.09229399999999993
