site,lower,upper,range
1,-10.43831058830341,22.345261458333333,32.78357204663674
2,2.2888829166666667,29.536172083333327,27.24728916666666
3,4.261132291666667,27.888370833333333,23.627238541666667
4,-0.812335625,24.088157916666663,24.900493541666663
5,-8.3067043174563,22.342877083333335,30.649581400789636
6,-2.927270833333333,25.133944791666664,28.061215624999996
7,-14.415319583333332,21.673894791666665,36.089214375
8,-6.249863333333334,26.978030624999995,33.227893958333325
