site,lower,upper,range
1,0,21.404249999999998,21.404249999999998
2,0,9.30499999999999,9.30499999999999
3,0,23.50575,23.50575
4,0,18.52,18.52
5,0,21.437050000000003,21.437050000000003
6,0,17.70945,17.70945
7,0,11.1632,11.1632
8,0,16.048499999999997,16.048499999999997
