site,lower,upper,range
1,0.33268875,0.45678124999999997,0.1240925
2,0.32165600000000005,0.39076,0.06910399999999994
3,0.34442599999999995,0.43537,0.09094400000000002
4,0.34116775,0.4456434999999999,0.10447574999999992
5,0.317699,0.4474365,0.1297375
6,0.3226565,0.4350675,0.11241099999999998
7,0.343613,0.4384855,0.09487249999999997
8,0.32904,0.427735,0.09869499999999998
