site,lower,upper,range
1,0.332648,0.4567955,0.12414750000000002
2,0.32165600000000005,0.39076,0.06910399999999994
3,0.34442599999999995,0.43537,0.09094400000000002
4,0.34116250000000004,0.445665,0.10450249999999994
5,0.317699,0.4474365,0.1297375
6,0.3226565,0.4350675,0.11241099999999998
7,0.343613,0.4384855,0.09487249999999997
8,0.329038,0.42773999999999995,0.09870199999999996
