site,lower,upper,range
1,-10.622359938984527,27.755866145833334,38.37822608481786
5,-10.622359938984527,27.755866145833334,38.37822608481786
8,-10.622359938984527,27.755866145833334,38.37822608481786
2,-10.622359938984527,27.755866145833334,38.37822608481786
6,-10.622359938984527,27.755866145833334,38.37822608481786
3,-10.622359938984527,27.755866145833334,38.37822608481786
7,-10.622359938984527,27.755866145833334,38.37822608481786
4,-10.622359938984527,27.755866145833334,38.37822608481786
