site,lower,upper,range
1,0.33987700000000004,0.450717,0.11083999999999994
2,0.32301599999999997,0.387382,0.06436600000000003
3,0.34628,0.42924,0.08296000000000003
4,0.34508700000000003,0.4388835,0.09379649999999995
5,0.326995,0.44035749999999996,0.11336249999999998
6,0.323904,0.431179,0.10727499999999995
7,0.34391,0.430542,0.08663199999999999
8,0.329994,0.422694,0.0927
