site,lower,upper,range
1,0.339838,0.450696,0.11085800000000001
2,0.32301599999999997,0.387382,0.06436600000000003
3,0.34628,0.42924,0.08296000000000003
4,0.34508700000000003,0.4388835,0.09379649999999995
5,0.326995,0.44035749999999996,0.11336249999999998
6,0.323904,0.431179,0.10727499999999995
7,0.34391,0.430542,0.08663199999999999
8,0.329995,0.42268999999999995,0.09269499999999997
