site,lower,upper,range
1,-9.923664062499997,22.413133020833328,32.33679708333332
2,2.4497654166666667,29.609620833333334,27.159855416666666
3,4.686804166666667,27.929301875,23.24249770833333
4,-0.622727083333333,24.17050583333333,24.793232916666664
5,-8.271056828731412,22.392864999999993,30.663921828731404
6,-2.7552700289293464,25.214579166666667,27.969849195596012
7,-14.265960416666667,21.758575,36.024535416666666
8,-5.9132018749999995,27.008699479166665,32.921901354166664
