site,lower,upper,range
1,-10.238428020833332,22.413133020833328,32.65156104166666
2,2.4565651763588052,29.609620833333334,27.15305565697453
3,4.585329375,27.929301875,23.3439725
4,-0.8333691666666664,24.17050583333333,25.003874999999997
5,-8.263301458333332,22.392864999999993,30.656166458333324
6,-2.4389584190187987,25.214579166666667,27.653537585685466
7,-14.228403125,21.758575,35.986978125
8,-5.9132018749999995,27.008699479166665,32.921901354166664
