site,lower,upper,range
1,0,21.351350000000014,21.351350000000014
2,0.02,9.127499999999992,9.107499999999993
3,0,23.38985,23.38985
4,0,17.768650000000008,17.768650000000008
5,0,21.44025,21.44025
6,0,17.71,17.71
7,0,11.16,11.16
8,0,16.032,16.032
