site,lower,upper,range
1,0.3401945,0.450556,0.1103615
2,0.322806,0.387164,0.06435800000000003
3,0.34634,0.42943,0.08309
4,0.34531,0.4381319999999999,0.0928219999999999
5,0.3272215,0.4390695,0.111848
6,0.32396800000000003,0.430675,0.10670699999999994
7,0.34389099999999995,0.429998,0.08610700000000004
8,0.329855,0.42208,0.092225
