site,lower,upper,range
1,-10.434520637348111,22.342942708333332,32.77746334568144
2,2.2972016666666666,29.530312499999997,27.23311083333333
3,4.303720208333333,27.881936041666666,23.57821583333333
4,-0.8099268749999999,24.083612916666667,24.893539791666665
5,-8.304224075888335,22.337819583333328,30.642043659221663
6,-2.870078333333333,25.127394166666665,27.997472499999997
7,-14.383438020833333,21.665409375,36.048847395833334
8,-6.241348333333333,26.964941874999997,33.20629020833333
