site,lower,upper,range
1,0,21.3545666752726,21.3545666752726
2,0,9.274999999999995,9.274999999999995
3,0,23.82984999999992,23.82984999999992
4,0,18.379600000000025,18.379600000000025
5,0,21.193,21.193
6,0,17.70915,17.70915
7,0,11.303900132469852,11.303900132469852
8,0,16.087,16.087
