site,lower,upper,range
1,0.3330425,0.4565975,0.12355499999999997
2,0.32167625,0.3908975,0.06922125000000001
3,0.344483,0.43633725,0.09185425000000003
4,0.34130950000000004,0.44614149999999997,0.10483199999999993
5,0.31842875000000004,0.44737,0.12894124999999995
6,0.32268275,0.436681,0.11399824999999997
7,0.3436265,0.43846525000000003,0.09483875000000003
8,0.32905,0.42764175,0.09859174999999998
