site,lower,upper,range
1,-10.521831875,27.755604479166667,38.27743635416667
5,-10.521831875,27.755604479166667,38.27743635416667
8,-10.521831875,27.755604479166667,38.27743635416667
2,-10.521831875,27.755604479166667,38.27743635416667
6,-10.521831875,27.755604479166667,38.27743635416667
3,-10.521831875,27.755604479166667,38.27743635416667
7,-10.521831875,27.755604479166667,38.27743635416667
4,-10.521831875,27.755604479166667,38.27743635416667
