site,lower,upper,range
1,0,27.65275,27.65275
3,0,27.65275,27.65275
6,0,27.65275,27.65275
8,0,27.65275,27.65275
5,0,27.65275,27.65275
7,0,27.65275,27.65275
2,0,27.65275,27.65275
4,0,27.65275,27.65275
