site,lower,upper,range
1,0.339718,0.4507185,0.1110005
2,0.323047,0.387439,0.064392
3,0.34631,0.429335,0.08302500000000002
4,0.3450725,0.438953,0.09388049999999998
5,0.32694999999999996,0.44050500000000004,0.11355500000000007
6,0.3239,0.431312,0.10741199999999995
7,0.343974,0.43072199999999994,0.08674799999999994
8,0.3301,0.42273000000000005,0.09263000000000005
