site,lower,upper,range
1,-9.645365520833334,22.431123645833328,32.07648916666666
2,2.536508125,29.617194374999997,27.080686249999996
3,4.644892916666667,27.9330959375,23.288203020833333
4,-0.7278645833333325,24.187805833333332,24.915670416666664
5,-8.109600833333332,22.429641666666654,30.539242499999986
6,-2.412278304141449,25.22298020833333,27.635258512474778
7,-13.367794270833333,21.7660484375,35.13384270833333
8,-5.6462025,27.014009791666666,32.66021229166667
