site,lower,upper,range
1,0,22.155600198872406,22.155600198872406
2,0.02,9.386499999999998,9.366499999999998
3,0,23.598350000000025,23.598350000000025
4,0,17.887150000000013,17.887150000000013
5,0,21.438750000000002,21.438750000000002
6,0,17.71,17.71
7,0,11.101599999999987,11.101599999999987
8,0,16.0595,16.0595
