site,lower,upper,range
1,0.3400165,0.45067300000000005,0.11065650000000005
2,0.32278,0.38719,0.06440999999999997
3,0.34628,0.428922,0.08264200000000005
4,0.34529200000000004,0.43848699999999996,0.09319499999999992
5,0.327097,0.44016999999999995,0.11307299999999992
6,0.323949,0.431089,0.10714000000000001
7,0.3438985,0.43019799999999997,0.08629949999999997
8,0.3298205,0.4224595,0.09263899999999997
