site,lower,upper,range
1,-10.4530246973214,22.366621979166666,32.81964667648806
2,2.2859354166666668,29.570739583333335,27.284804166666667
3,4.147850729166667,27.90429239583333,23.756441666666664
4,-0.8115327083333334,24.11673802083333,24.928270729166666
5,-8.312111875000001,22.344806875,30.656918750000003
6,-3.0249033333333335,25.148645000000002,28.173548333333336
7,-14.420059583333334,21.68006354166667,36.100123125
8,-6.327408333333333,26.9929,33.32030833333333
