site,lower,upper,range
1,0,21.38814999999998,21.38814999999998
2,0,9.157499999999999,9.157499999999999
3,0,23.45944999999994,23.45944999999994
4,0,18.08453343556208,18.08453343556208
5,0,21.43795,21.43795
6,0,17.71,17.71
7,0,11.161,11.161
8,0,16.042999999999992,16.042999999999992
