site,lower,upper,range
1,0.33287075,0.45674325,0.1238725
2,0.32166275,0.39076,0.06909725
3,0.3444395,0.43611175,0.09167225000000001
4,0.34121500000000005,0.44545,0.10423499999999997
5,0.3178025,0.44739375000000003,0.12959125000000005
6,0.32265875,0.43505625,0.11239749999999998
7,0.3436175,0.43847875000000003,0.09486125000000001
8,0.32905,0.427697,0.09864699999999998
