site,lower,upper,range
1,-10.572472083333334,27.755221979166663,38.3276940625
5,-10.572472083333334,27.755221979166663,38.3276940625
8,-10.572472083333334,27.755221979166663,38.3276940625
2,-10.572472083333334,27.755221979166663,38.3276940625
6,-10.572472083333334,27.755221979166663,38.3276940625
3,-10.572472083333334,27.755221979166663,38.3276940625
7,-10.572472083333334,27.755221979166663,38.3276940625
4,-10.572472083333334,27.755221979166663,38.3276940625
