site,lower,upper,range
1,0.339718,0.4507185,0.1110005
2,0.3230465,0.38744049999999997,0.06439399999999995
3,0.346307,0.4293445,0.08303750000000004
4,0.34507,0.438954,0.09388400000000002
5,0.32694999999999996,0.44050500000000004,0.11355500000000007
6,0.3239,0.431312,0.10741199999999995
7,0.343972,0.4307435,0.0867715
8,0.33013,0.422734,0.09260400000000002
