site,lower,upper,range
1,0,22.16933355430266,22.16933355430266
2,0.02,9.387999999999998,9.367999999999999
3,0,23.6215,23.6215
4,0,17.899,17.899
5,0,21.4389,21.4389
6,0,17.71,17.71
7,0,11.116199999999973,11.116199999999973
8,0,16.062249999999995,16.062249999999995
