site,lower,upper,range
1,0.339718,0.4507185,0.1110005
2,0.32305,0.38743,0.06437999999999999
3,0.34628,0.42927800000000005,0.08299800000000007
4,0.345083,0.43892149999999996,0.09383849999999999
5,0.32694999999999996,0.44050500000000004,0.11355500000000007
6,0.3239,0.431312,0.10741199999999995
7,0.343936,0.43070049999999993,0.08676449999999991
8,0.330102,0.42272600000000005,0.09262400000000004
