site,lower,upper,range
1,0.3398945,0.45081099999999996,0.11091649999999997
2,0.3230465,0.38744049999999997,0.06439399999999995
3,0.346307,0.4293445,0.08303750000000004
4,0.34506749999999997,0.43895500000000004,0.09388750000000007
5,0.32695599999999997,0.4403055,0.11334950000000005
6,0.3239,0.43129,0.10738999999999999
7,0.343972,0.4307435,0.0867715
8,0.33013,0.422738,0.09260800000000002
