site,lower,upper,range
1,-9.648092291666668,22.43292270833333,32.081014999999994
2,2.533034479166667,29.617427812499997,27.08439333333333
3,4.640410416666667,27.93338645833333,23.292976041666662
4,-0.7352020833333333,24.18953583333333,24.924737916666665
5,-8.1097728125,22.433717708333337,30.543490520833338
6,-2.355646875,25.2238203125,27.5794671875
7,-13.371606875000001,21.766597291666667,35.13820416666667
8,-5.648346666666667,27.015602916666666,32.663949583333334
