site,lower,upper,range
1,-9.567966041666667,22.43292270833333,32.000888749999994
2,2.533034479166667,29.617427812499997,27.08439333333333
3,4.830202083333333,27.93338645833333,23.103184374999998
4,-0.5561560416666664,24.18953583333333,24.745691875
5,-8.217369791666668,22.433717708333337,30.651087500000003
6,-2.649284375,25.2238203125,27.8731046875
7,-13.695798958333334,21.766597291666667,35.46239625
8,-5.648346666666667,27.015602916666666,32.663949583333334
