site,lower,upper,range
1,0,21.444499999999998,21.444499999999998
2,0.03400000000000006,9.209999999999987,9.175999999999986
3,0,23.3885,23.3885
4,0,17.899,17.899
5,0,21.4389,21.4389
6,0,17.71,17.71
7,0,11.116199999999973,11.116199999999973
8,0,16.032,16.032
