site,lower,upper,range
1,0.340069,0.450592,0.11052299999999998
2,0.32279599999999997,0.387182,0.06438600000000005
3,0.34631599999999996,0.4286499999999999,0.08233399999999996
4,0.345308,0.43838299999999997,0.09307499999999996
5,0.32718400000000003,0.439516,0.11233199999999999
6,0.32395700000000005,0.430807,0.10684999999999995
7,0.343897,0.43004499999999996,0.08614799999999995
8,0.32984450000000004,0.42215,0.09230549999999998
