site,lower,upper,range
1,-10.43957390528851,22.346034375000002,32.785608280288514
2,2.2885554166666666,29.540012916666665,27.251457499999997
3,4.246231041666668,27.8904325,23.64420145833333
4,-0.8131385416666668,24.089672916666668,24.902811458333336
5,-8.307289975690928,22.342971875,30.650261850690928
6,-2.9463349999999986,25.136128333333332,28.08246333333333
7,-14.41584625,21.67458020833333,36.09042645833333
8,-6.252701666666667,26.982393541666667,33.235095208333334
