site,lower,upper,range
1,0,21.420349999999985,21.420349999999985
2,0,9.315000000000005,9.315000000000005
3,0,23.55204999999996,23.55204999999996
4,0,18.566799999999958,18.566799999999958
5,0,21.43715,21.43715
6,0,17.70955,17.70955
7,0,11.1614,11.1614
8,0,16.053999999999995,16.053999999999995
