site,lower,upper,range
1,-10.43894224679596,22.345647916666667,32.784590163462624
2,2.2887191666666666,29.538092499999994,27.249373333333327
3,4.253681666666667,27.889401666666664,23.63572
4,-0.8127370833333333,24.088915416666666,24.901652499999997
5,-8.306997146573615,22.34292447916667,30.649921625740284
6,-2.9368029166666663,25.135036562499998,28.071839479166663
7,-14.415582916666667,21.6742375,36.08982041666667
8,-6.2512825,26.980212083333328,33.23149458333333
