site,lower,upper,range
1,0.3328025,0.45675750000000004,0.12395500000000004
2,0.32166125,0.39076,0.06909874999999999
3,0.3444365,0.43613225,0.09169575000000002
4,0.34119925000000006,0.44551450000000004,0.10431524999999997
5,0.317768,0.44737,0.129602
6,0.32265825000000004,0.43505874999999994,0.1124004999999999
7,0.34361650000000005,0.43848025,0.09486374999999997
8,0.32905,0.42770675,0.09865675000000002
