site,lower,upper,range
1,-10.582895416666666,27.755604479166667,38.33849989583334
5,-10.582895416666666,27.755604479166667,38.33849989583334
8,-10.582895416666666,27.755604479166667,38.33849989583334
2,-10.582895416666666,27.755604479166667,38.33849989583334
6,-10.582895416666666,27.755604479166667,38.33849989583334
3,-10.582895416666666,27.755604479166667,38.33849989583334
7,-10.582895416666666,27.755604479166667,38.33849989583334
4,-10.582895416666666,27.755604479166667,38.33849989583334
