site,lower,upper,range
1,0.33985400000000004,0.45073399999999997,0.11087999999999992
2,0.32305,0.38743,0.06437999999999999
3,0.34628,0.42927800000000005,0.08299800000000007
4,0.345083,0.43892149999999996,0.09383849999999999
5,0.326975,0.4403835,0.11340849999999997
6,0.3239,0.431202,0.10730199999999995
7,0.343946,0.43059299999999995,0.08664699999999997
8,0.33004999999999995,0.42271000000000003,0.09266000000000008
