site,lower,upper,range
1,-9.629004895833333,22.42032927083333,32.04933416666667
2,2.55735,29.61579375,27.058443750000002
3,4.576575833333334,27.9313528125,23.354776979166665
4,-0.8115327083333334,24.17742583333333,24.988958541666666
5,-8.108568958333333,22.40518541666666,30.513754374999994
6,-2.3939117095094,25.217939583333333,27.611851292842733
7,-13.696670416666667,21.762358333333335,35.45902875
8,-5.676220833333334,27.0103515625,32.68657239583333
