site,lower,upper,range
1,0,22.07320006629076,22.07320006629076
2,0.0058333332071924815,9.3775,9.371666666792807
3,0,23.45944999999994,23.45944999999994
4,0,17.81604999999997,17.81604999999997
5,0,21.44085,21.44085
6,0,17.71,17.71
7,0,11.16,11.16
8,0,16.043000000000003,16.043000000000003
