site,lower,upper,range
1,0,21.38814999999998,21.38814999999998
2,0.02,9.157499999999999,9.1375
3,0,23.387449999999998,23.387449999999998
4,0,17.81604999999997,17.81604999999997
5,0,21.44085,21.44085
6,0,17.71,17.71
7,0,11.16,11.16
8,0,16.032,16.032
