site,lower,upper,range
1,0.340042,0.45068600000000003,0.11064400000000002
2,0.322773,0.38719,0.064417
3,0.34628,0.42903399999999997,0.082754
4,0.34518550000000003,0.438643,0.09345749999999997
5,0.32707600000000003,0.44023999999999996,0.11316399999999993
6,0.32394200000000006,0.431152,0.10720999999999992
7,0.343892,0.43040599999999996,0.08651399999999998
8,0.329796,0.422631,0.092835
