site,lower,upper,range
1,-10.365115244285004,22.386548958333336,32.75166420261834
2,2.2836895833333335,29.580672291666666,27.29698270833333
3,4.1407471875,27.906434687499996,23.765687499999995
4,-0.8281625,24.14143645833333,24.969598958333332
5,-8.317167916666667,22.353007083333335,30.670175
6,-3.0299508333333334,25.160008749999996,28.18995958333333
7,-14.449692083333334,21.72199406249999,36.17168614583333
8,-6.382428125000001,26.9994915625,33.3819196875
