site,lower,upper,range
1,0,21.500849999999982,21.500849999999982
2,0,9.114500000000003,9.114500000000003
3,0,23.38955,23.38955
4,0,17.993499999999976,17.993499999999976
5,0,21.43995,21.43995
6,0,17.71,17.71
7,0,11.1604,11.1604
8,0,15.93679999999987,15.93679999999987
