site,lower,upper,range
1,0.33303,0.45671,0.12368000000000001
2,0.32166875,0.39080125,0.06913249999999999
3,0.34445299999999995,0.43643975,0.09198675000000006
4,0.34125175,0.44529950000000007,0.10404775000000005
5,0.31799125,0.44737,0.12937875
6,0.32266525,0.43525725,0.11259199999999997
7,0.3436215,0.43847274999999997,0.09485124999999994
8,0.32905,0.427671,0.09862100000000001
