site,lower,upper,range
1,-10.552130060749647,27.752924166666674,38.30505422741632
5,-10.552130060749647,27.752924166666674,38.30505422741632
8,-10.552130060749647,27.752924166666674,38.30505422741632
2,-10.552130060749647,27.752924166666674,38.30505422741632
6,-10.552130060749647,27.752924166666674,38.30505422741632
3,-10.552130060749647,27.752924166666674,38.30505422741632
7,-10.552130060749647,27.752924166666674,38.30505422741632
4,-10.552130060749647,27.752924166666674,38.30505422741632
