site,lower,upper,range
1,0,27.826125,27.826125
3,0,27.826125,27.826125
6,0,27.826125,27.826125
8,0,27.826125,27.826125
5,0,27.826125,27.826125
7,0,27.826125,27.826125
2,0,27.826125,27.826125
4,0,27.826125,27.826125
