site,lower,upper,range
1,0.3398875,0.4507125,0.110825
2,0.3228335,0.38734599999999997,0.06451249999999997
3,0.34628899999999996,0.4292115,0.08292250000000007
4,0.34509,0.438855,0.09376499999999999
5,0.32701,0.440338,0.11332799999999998
6,0.32391000000000003,0.43117750000000005,0.10726750000000002
7,0.34389249999999993,0.43052999999999997,0.08663750000000003
8,0.329864,0.42268599999999995,0.09282199999999996
