site,lower,upper,range
1,-10.306842083333333,22.407735833333337,32.71457791666667
2,2.3907360681874343,29.60499114583333,27.2142550776459
3,4.468854288211964,27.92576375,23.456909461788037
4,-0.8255591666666664,24.165315833333334,24.990875000000003
5,-8.306653125,22.386612500000002,30.693265625000002
6,-2.803149304081064,25.212058854166667,28.01520815824773
7,-14.36446708333333,21.7557375,36.12020458333333
8,-6.120074166666667,27.007460416666667,33.127534583333336
