site,lower,upper,range
1,-10.265210833333333,22.407735833333337,32.67294666666667
2,2.3493922916666667,29.60499114583333,27.255598854166664
3,4.5869487499999995,27.92576375,23.338815000000004
4,-0.6143270833333331,24.165315833333334,24.779642916666667
5,-8.306653125,22.386612500000002,30.693265625000002
6,-3.022880625,25.212058854166667,28.234939479166666
7,-14.41821625,21.7557375,36.173953749999995
8,-6.120074166666667,27.007460416666667,33.127534583333336
