site,lower,upper,range
1,0,21.31339999999999,21.31339999999999
2,0.02,9.110999999999986,9.090999999999987
3,0,23.389400000000002,23.389400000000002
4,0,17.73309999999999,17.73309999999999
5,0,21.439799999999998,21.439799999999998
6,0,17.71,17.71
7,0,11.16,11.16
8,0,15.889199999999914,15.889199999999914
