site,lower,upper,range
1,0.33988399999999996,0.45068600000000003,0.11080200000000007
2,0.322754,0.38728599999999996,0.06453199999999998
3,0.34627399999999997,0.429164,0.08289000000000002
4,0.34509500000000004,0.43880749999999996,0.09371249999999992
5,0.327035,0.4403055,0.1132705
6,0.32392,0.431175,0.10725499999999999
7,0.34389,0.43051,0.08662000000000003
8,0.329772,0.42266699999999996,0.09289499999999995
