site,lower,upper,range
1,-10.296649895833333,22.399606875000003,32.69625677083334
2,2.2376987500000003,29.597274999999996,27.359576249999996
3,4.216428541666668,27.919866874999997,23.70343833333333
4,-0.6030112499999999,24.157265208333335,24.760276458333337
5,-8.301916666666667,22.376191666666667,30.678108333333334
6,-3.041010833333333,25.199838749999998,28.24084958333333
7,-14.756060312499997,21.75100833333333,36.50706864583333
8,-6.424852916666667,27.0053953125,33.430248229166665
