site,lower,upper,range
1,-10.337203020833334,22.399606875000003,32.73680989583334
2,2.2846520833333335,29.597274999999996,27.312622916666662
3,4.143791562500001,27.919866874999997,23.776075312499998
4,-0.814744375,24.157265208333335,24.972009583333335
5,-8.301916666666667,22.376191666666667,30.678108333333334
6,-2.984463333333333,25.199838749999998,28.184302083333332
7,-14.54051125,21.75100833333333,36.29151958333333
8,-6.424852916666667,27.0053953125,33.430248229166665
