site,lower,upper,range
1,0,21.803849999999976,21.803849999999976
2,0.0033333332612528466,9.21749999999998,9.214166666738727
3,0,23.644649999999977,23.644649999999977
4,0,17.673849999999987,17.673849999999987
5,0,21.592899999999958,21.592899999999958
6,0,17.71,17.71
7,0,11.130799999999962,11.130799999999962
8,0,16.032,16.032
