site,lower,upper,range
1,0,21.25014999999999,21.25014999999999
2,0.02,9.088499999999987,9.068499999999988
3,0,23.388650000000002,23.388650000000002
4,0,17.91249999999999,17.91249999999999
5,0,21.592899999999958,21.592899999999958
6,0,17.71,17.71
7,0,11.130799999999962,11.130799999999962
8,0,15.651199999999914,15.651199999999914
