site,lower,upper,range
1,0.33305125,0.45651875,0.12346749999999995
2,0.32167925000000003,0.3908755,0.06919624999999996
3,0.344495,0.43629624999999994,0.09180124999999995
4,0.34132975,0.44616925,0.10483950000000003
5,0.31856,0.44716599999999995,0.12860599999999994
6,0.32268975,0.43666900000000003,0.11397925000000003
7,0.34362849999999995,0.43846225,0.09483375000000005
8,0.32905,0.4279765,0.09892649999999997
