site,lower,upper,range
1,-10.508435208333333,27.75657,38.265005208333335
5,-10.508435208333333,27.75657,38.265005208333335
8,-10.508435208333333,27.75657,38.265005208333335
2,-10.508435208333333,27.75657,38.265005208333335
6,-10.508435208333333,27.75657,38.265005208333335
3,-10.508435208333333,27.75657,38.265005208333335
7,-10.508435208333333,27.75657,38.265005208333335
4,-10.508435208333333,27.75657,38.265005208333335
