site,lower,upper,range
1,0.33988050000000003,0.45068699999999995,0.11080649999999992
2,0.32275200000000004,0.38729800000000003,0.06454599999999999
3,0.34628,0.4291735,0.08289350000000001
4,0.345094,0.438817,0.093723
5,0.32703000000000004,0.440312,0.11328199999999994
6,0.32391800000000004,0.43117550000000004,0.1072575
7,0.34389,0.43051399999999995,0.08662399999999998
8,0.32977,0.42267,0.09289999999999998
