site,lower,upper,range
1,-10.339227083333334,22.400539583333334,32.73976666666667
2,2.2877366666666665,29.59881822916667,27.311081562500004
3,4.208977916666667,27.921046249999996,23.712068333333328
4,-0.8151458333333333,24.158395833333334,24.973541666666666
5,-8.302863958333333,22.378275833333333,30.681139791666666
6,-2.9939954166666656,25.202683749999995,28.196679166666662
7,-14.55122625,21.751954166666664,36.30318041666666
8,-6.365433333333334,27.005808333333334,33.37124166666667
