site,lower,upper,range
1,-10.298745833333333,22.400539583333334,32.69928541666667
2,2.284491666666667,29.59881822916667,27.314326562500003
3,4.341063750000001,27.921046249999996,23.579982499999996
4,-0.6031270833333333,24.158395833333334,24.761522916666667
5,-8.302863958333333,22.378275833333333,30.681139791666666
6,-3.0418008333333333,25.202683749999995,28.24448458333333
7,-14.766953749999999,21.751954166666664,36.51890791666666
8,-6.365433333333334,27.005808333333334,33.37124166666667
