site,lower,upper,range
1,0,21.829199999999954,21.829199999999954
2,0.004333333239628714,9.225000000000005,9.220666666760376
3,0,23.667799999999957,23.667799999999957
4,0,17.685699999999976,17.685699999999976
5,0,21.61459999999994,21.61459999999994
6,0,17.71,17.71
7,0,11.145400000000015,11.145400000000015
8,0,16.032,16.032
