site,lower,upper,range
1,0,21.262799999999977,21.262799999999977
2,0.02,9.093000000000004,9.073000000000004
3,0,23.3888,23.3888
4,0,17.925999999999977,17.925999999999977
5,0,21.61459999999994,21.61459999999994
6,0,17.71,17.71
7,0,11.145400000000015,11.145400000000015
8,0,15.69879999999987,15.69879999999987
