site,lower,upper,range
1,0.33988050000000003,0.45071550000000005,0.11083500000000002
2,0.32295,0.38737,0.06441999999999998
3,0.346283,0.4292305,0.08294750000000001
4,0.345088,0.438874,0.09378599999999998
5,0.327,0.44035099999999994,0.11335099999999992
6,0.323906,0.4311785,0.10727249999999999
7,0.34391,0.430538,0.08662799999999998
8,0.329994,0.422694,0.0927
