site,lower,upper,range
1,0.33984600000000004,0.45069449999999994,0.1108484999999999
2,0.32295,0.38737,0.06441999999999998
3,0.346283,0.4292305,0.08294750000000001
4,0.345088,0.438874,0.09378599999999998
5,0.327,0.44035099999999994,0.11335099999999992
6,0.323906,0.4311785,0.10727249999999999
7,0.34391,0.430538,0.08662799999999998
8,0.329995,0.42268999999999995,0.09269499999999997
