site,lower,upper,range
1,-10.269402708333333,22.411333958333334,32.68073666666667
2,2.4478082582371266,29.60807760416667,27.160269345929542
3,4.585869166666666,27.928122499999997,23.342253333333332
4,-0.8307658333333332,24.168775833333335,24.99954166666667
5,-8.2905996875,22.39078083333333,30.68138052083333
6,-2.5129325,25.2137390625,27.7266715625
7,-14.265021666666666,21.757629166666668,36.02265083333333
8,-5.977176041666667,27.008286458333334,32.9854625
