site,lower,upper,range
1,-10.237012708333332,22.411333958333334,32.64834666666667
2,2.4097405330206927,29.60807760416667,27.19833707114598
3,4.688372916666667,27.928122499999997,23.239749583333328
4,-0.6199270833333331,24.168775833333335,24.78870291666667
5,-8.2905996875,22.39078083333333,30.68138052083333
6,-2.8061809562830575,25.2137390625,28.019920018783058
7,-14.283204583333333,21.757629166666668,36.040833750000004
8,-5.977176041666667,27.008286458333334,32.9854625
