site,lower,upper,range
1,0,21.338699999999967,21.338699999999967
2,0.02,9.12,9.1
3,0,23.389699999999998,23.389699999999998
4,0,17.75679999999997,17.75679999999997
5,0,21.4401,21.4401
6,0,17.71,17.71
7,0,11.16,11.16
8,0,15.984400000000043,15.984400000000043
