site,lower,upper,range
1,0.33996250000000006,0.450685,0.11072249999999995
2,0.3227735,0.38719,0.06441649999999999
3,0.34628,0.42902599999999996,0.08274599999999999
4,0.34518550000000003,0.438643,0.09345749999999997
5,0.3270775,0.44023500000000004,0.11315750000000002
6,0.3239425,0.4311475,0.107205
7,0.34389249999999993,0.43039,0.08649750000000006
8,0.329796,0.422631,0.092835
