site,lower,upper,range
1,-10.412655221262265,22.385616249999998,32.79827147126226
2,2.28385,29.5799628125,27.2961128125
3,4.141254583333334,27.906281666666665,23.76502708333333
4,-0.8255591666666664,24.140305833333333,24.965865
5,-8.316806770833335,22.35242135416667,30.669228125000004
6,-3.029160833333333,25.157163750000002,28.186324583333334
7,-14.447432916666667,21.718794999999993,36.16622791666666
8,-6.379029166666666,26.999067499999995,33.378096666666664
