site,lower,upper,range
1,0,21.49279999999999,21.49279999999999
2,0,9.108999999999984,9.108999999999984
3,0,23.389400000000002,23.389400000000002
4,0,17.97999999999999,17.97999999999999
5,0,21.439799999999998,21.439799999999998
6,0,17.71,17.71
7,0,11.1603,11.1603
8,0,15.889199999999914,15.889199999999914
